originalName,canonicalName,normalizedName,resolutionMethod,sourceUrl
CircuitHub,CircuitHub,circuithub,EXACT_MATCH,https://www.ycombinator.com/companies/circuithub
iCracked,iCracked,icracked,EXACT_MATCH,https://www.ycombinator.com/companies/icracked
42Floors,42Floors,42floors,EXACT_MATCH,https://www.ycombinator.com/companies/42floors
PlanGrid,PlanGrid,plangrid,EXACT_MATCH,https://www.ycombinator.com/companies/plangrid
WireOver,WireOver,wireover,EXACT_MATCH,https://www.ycombinator.com/companies/wireover
The Muse,The Muse,the muse,EXACT_MATCH,https://www.ycombinator.com/companies/the-muse
SendHub,SendHub,sendhub,EXACT_MATCH,https://www.ycombinator.com/companies/sendhub
Hipmob,Hipmob,hipmob,EXACT_MATCH,https://www.ycombinator.com/companies/hipmob
MyVR,MyVR,myvr,EXACT_MATCH,https://www.ycombinator.com/companies/myvr
HireArt,HireArt,hireart,EXACT_MATCH,https://www.ycombinator.com/companies/hireart
Amiato,Amiato,amiato,EXACT_MATCH,https://www.ycombinator.com/companies/amiato
Medigram,Medigram,medigram,EXACT_MATCH,https://www.ycombinator.com/companies/medigram
Couple,Couple,couple,EXACT_MATCH,https://www.ycombinator.com/companies/couple
HackPad,HackPad,hackpad,EXACT_MATCH,https://www.ycombinator.com/companies/hackpad
Rescale,Rescale,rescale,EXACT_MATCH,https://www.ycombinator.com/companies/rescale
SlidePay,SlidePay,slidepay,EXACT_MATCH,https://www.ycombinator.com/companies/slidepay
Tap to Learn,Tap to Learn,tap to learn,EXACT_MATCH,https://www.ycombinator.com/companies/tap-to-learn
Optilly/Installmonetizer,Optilly/Installmonetizer,optillyinstallmonetizer,EXACT_MATCH,https://www.ycombinator.com/companies/optilly-installmonetizer
BookSolid,BookSolid,booksolid,EXACT_MATCH,https://www.ycombinator.com/companies/booksolid
Gusto,Gusto,gusto,EXACT_MATCH,https://www.ycombinator.com/companies/gusto
FamilyLeaf,FamilyLeaf,familyleaf,EXACT_MATCH,https://www.ycombinator.com/companies/familyleaf
Marft,Marft,marft,EXACT_MATCH,https://www.ycombinator.com/companies/marft
Minefold,Minefold,minefold,EXACT_MATCH,https://www.ycombinator.com/companies/minefold
Zipio,Zipio,zipio,EXACT_MATCH,https://www.ycombinator.com/companies/zipio
Chute,Chute,chute,EXACT_MATCH,https://www.ycombinator.com/companies/chute
Matterport,Matterport,matterport,EXACT_MATCH,https://www.ycombinator.com/companies/matterport
Shoptiques,Shoptiques,shoptiques,EXACT_MATCH,https://www.ycombinator.com/companies/shoptiques
CleverDeck,CleverDeck,cleverdeck,EXACT_MATCH,https://www.ycombinator.com/companies/cleverdeck
Make School,Make School,make school,EXACT_MATCH,https://www.ycombinator.com/companies/make-school
Pixelapse,Pixelapse,pixelapse,EXACT_MATCH,https://www.ycombinator.com/companies/pixelapse
Screenleap,Screenleap,screenleap,EXACT_MATCH,https://www.ycombinator.com/companies/screenleap-inc
Talkray (TiKL),Talkray (TiKL),talkray tikl,EXACT_MATCH,https://www.ycombinator.com/companies/talkray-tikl
Zillabyte,Zillabyte,zillabyte,EXACT_MATCH,https://www.ycombinator.com/companies/zillabyte
Exec,Exec,exec,EXACT_MATCH,https://www.ycombinator.com/companies/exec
Grouper,Grouper,grouper,EXACT_MATCH,https://www.ycombinator.com/companies/grouper
Amplitude,Amplitude,amplitude,EXACT_MATCH,https://www.ycombinator.com/companies/amplitude
LendUp,LendUp,lendup,EXACT_MATCH,https://www.ycombinator.com/companies/lendup
Tilt,Tilt,tilt,EXACT_MATCH,https://www.ycombinator.com/companies/tilt
Brace,Brace,brace,EXACT_MATCH,https://www.ycombinator.com/companies/brace
Swiftype,Swiftype,swiftype,EXACT_MATCH,https://www.ycombinator.com/companies/swiftype
LVL6,LVL6,lvl6,EXACT_MATCH,https://www.ycombinator.com/companies/lvl6
BarSense,BarSense,barsense,EXACT_MATCH,https://www.ycombinator.com/companies/barsense
FarmLogs,FarmLogs,farmlogs,EXACT_MATCH,https://www.ycombinator.com/companies/farmlogs
99dresses,99dresses,99dresses,EXACT_MATCH,https://www.ycombinator.com/companies/99dresses
Authy,Authy,authy,EXACT_MATCH,https://www.ycombinator.com/companies/authy
Flutter,Flutter,flutter,EXACT_MATCH,https://www.ycombinator.com/companies/flutter
Fond,Fond,fond,EXACT_MATCH,https://www.ycombinator.com/companies/fond
Per Vices,Per Vices,per vices,EXACT_MATCH,https://www.ycombinator.com/companies/per-vices
Loom,Loom,loom,EXACT_MATCH,https://www.ycombinator.com/companies/loom
Documents.Me,Documents.Me,documentsme,EXACT_MATCH,https://www.ycombinator.com/companies/documents-me
Ark,Ark,ark,EXACT_MATCH,https://www.ycombinator.com/companies/ark
SolidStage,SolidStage,solidstage,EXACT_MATCH,https://www.ycombinator.com/companies/solidstage
YourMechanic,YourMechanic,yourmechanic,EXACT_MATCH,https://www.ycombinator.com/companies/yourmechanic
Priceonomics,Priceonomics,priceonomics,EXACT_MATCH,https://www.ycombinator.com/companies/priceonomics
Sendwave,Sendwave,sendwave,EXACT_MATCH,https://www.ycombinator.com/companies/sendwave
Glider,Glider,glider,EXACT_MATCH,https://www.ycombinator.com/companies/glider
Medmonk,Medmonk,medmonk,EXACT_MATCH,https://www.ycombinator.com/companies/medmonk
Carsabi,Carsabi,carsabi,EXACT_MATCH,https://www.ycombinator.com/companies/carsabi
Y Combinator,Y Combinator,y combinator,EXACT_MATCH,https://www.ycombinator.com/companies/y-combinator
Socialcam,Socialcam,socialcam,EXACT_MATCH,https://www.ycombinator.com/companies/socialcam
GiveSpark,GiveSpark,givespark,EXACT_MATCH,https://www.ycombinator.com/companies/givespark
Shopular,Shopular,shopular,EXACT_MATCH,https://www.ycombinator.com/companies/shopular
Picplum,Picplum,picplum,EXACT_MATCH,https://www.ycombinator.com/companies/picplum
Freshplum,Freshplum,freshplum,EXACT_MATCH,https://www.ycombinator.com/companies/freshplum
Clutch,Clutch,clutch,EXACT_MATCH,https://www.ycombinator.com/companies/clutch
Apollo,Apollo,apollo,EXACT_MATCH,https://www.ycombinator.com/companies/apollo
HackerRank,HackerRank,hackerrank,EXACT_MATCH,https://www.ycombinator.com/companies/hackerrank
Stypi,Stypi,stypi,EXACT_MATCH,https://www.ycombinator.com/companies/stypi
Genius,Genius,genius,EXACT_MATCH,https://www.ycombinator.com/companies/genius
OneSignal,OneSignal,onesignal,EXACT_MATCH,https://www.ycombinator.com/companies/onesignal
Zigfu,Zigfu,zigfu,EXACT_MATCH,https://www.ycombinator.com/companies/zigfu
PayDragon,PayDragon,paydragon,EXACT_MATCH,https://www.ycombinator.com/companies/paydragon
Aisle50,Aisle50,aisle50,EXACT_MATCH,https://www.ycombinator.com/companies/aisle50
Debteye,Debteye,debteye,EXACT_MATCH,https://www.ycombinator.com/companies/debteye
Proxino,Proxino,proxino,EXACT_MATCH,https://www.ycombinator.com/companies/proxino
Streak,Streak,streak,EXACT_MATCH,https://www.ycombinator.com/companies/streak
Science Exchange,Science Exchange,science exchange,EXACT_MATCH,https://www.ycombinator.com/companies/science-exchange
PhoneSys,PhoneSys,phonesys,EXACT_MATCH,https://www.ycombinator.com/companies/phonesys
Quartzy,Quartzy,quartzy,EXACT_MATCH,https://www.ycombinator.com/companies/quartzy
Codecademy,Codecademy,codecademy,EXACT_MATCH,https://www.ycombinator.com/companies/codecademy
Cryptoseal,Cryptoseal,cryptoseal,EXACT_MATCH,https://www.ycombinator.com/companies/cryptoseal
Segment,Segment,segment,EXACT_MATCH,https://www.ycombinator.com/companies/segment
Citus Data,Citus Data,citus data,EXACT_MATCH,https://www.ycombinator.com/companies/citus-data
AgileMD,AgileMD,agilemd,EXACT_MATCH,https://www.ycombinator.com/companies/agilemd
Clerky,Clerky,clerky,EXACT_MATCH,https://www.ycombinator.com/companies/clerky
Quad,Quad,quad,EXACT_MATCH,https://www.ycombinator.com/companies/quad
Dubjoy,Dubjoy,dubjoy,EXACT_MATCH,https://www.ycombinator.com/companies/dubjoy
Zenbox,Zenbox,zenbox,EXACT_MATCH,https://www.ycombinator.com/companies/zenbox
Realm,Realm,realm,EXACT_MATCH,https://www.ycombinator.com/companies/realm
Firebase,Firebase,firebase,EXACT_MATCH,https://www.ycombinator.com/companies/firebase
GoCardless,GoCardless,gocardless,EXACT_MATCH,https://www.ycombinator.com/companies/gocardless
Pagelever,Pagelever,pagelever,EXACT_MATCH,https://www.ycombinator.com/companies/pagelever
MarketBrief,MarketBrief,marketbrief,EXACT_MATCH,https://www.ycombinator.com/companies/marketbrief
Fobo,Fobo,fobo,EXACT_MATCH,https://www.ycombinator.com/companies/fobo
Sift,Sift,sift,EXACT_MATCH,https://www.ycombinator.com/companies/sift
Verbling,Verbling,verbling,EXACT_MATCH,https://www.ycombinator.com/companies/verbling
Embark,Embark,embark,EXACT_MATCH,https://www.ycombinator.com/companies/embark
LeadGenius,LeadGenius,leadgenius,EXACT_MATCH,https://www.ycombinator.com/companies/leadgenius
Caviar,Caviar,caviar,EXACT_MATCH,https://www.ycombinator.com/companies/caviar
Interstate,Interstate,interstate,EXACT_MATCH,https://www.ycombinator.com/companies/interstate
Everyme,Everyme,everyme,EXACT_MATCH,https://www.ycombinator.com/companies/everyme
Opez,Opez,opez,EXACT_MATCH,https://www.ycombinator.com/companies/opez
MixRank,MixRank,mixrank,EXACT_MATCH,https://www.ycombinator.com/companies/mixrank
Kicksend,Kicksend,kicksend,EXACT_MATCH,https://www.ycombinator.com/companies/kicksend
Videopixie,Videopixie,videopixie,EXACT_MATCH,https://www.ycombinator.com/companies/videopixie
Vapor,Vapor,vapor,EXACT_MATCH,https://www.ycombinator.com/companies/vapor
Launchpad Toys,Launchpad Toys,launchpad toys,EXACT_MATCH,https://www.ycombinator.com/companies/launchpad-toys
Imgix,Imgix,imgix,EXACT_MATCH,https://www.ycombinator.com/companies/imgix
Compose,Compose,compose,EXACT_MATCH,https://www.ycombinator.com/companies/compose
GlassMap,GlassMap,glassmap,EXACT_MATCH,https://www.ycombinator.com/companies/glassmap
Vidyard,Vidyard,vidyard,EXACT_MATCH,https://www.ycombinator.com/companies/vidyard
Leaky,Leaky,leaky,EXACT_MATCH,https://www.ycombinator.com/companies/leaky
Ridejoy,Ridejoy,ridejoy,EXACT_MATCH,https://www.ycombinator.com/companies/ridejoy
TapEngage,TapEngage,tapengage,EXACT_MATCH,https://www.ycombinator.com/companies/tapengage
Snapjoy,Snapjoy,snapjoy,EXACT_MATCH,https://www.ycombinator.com/companies/snapjoy
Perfect Audience,Perfect Audience,perfect audience,EXACT_MATCH,https://www.ycombinator.com/companies/perfect-audience
Rentobo,Rentobo,rentobo,EXACT_MATCH,https://www.ycombinator.com/companies/rentobo
Draft,Draft,draft,EXACT_MATCH,https://www.ycombinator.com/companies/draft
Parse,Parse,parse,EXACT_MATCH,https://www.ycombinator.com/companies/parse
Zeus,Zeus,zeus,EXACT_MATCH,https://www.ycombinator.com/companies/zeus
Userfox,Userfox,userfox,EXACT_MATCH,https://www.ycombinator.com/companies/userfox
Automatic,Automatic,automatic,EXACT_MATCH,https://www.ycombinator.com/companies/automatic
Hungry Labs,Hungry Labs,hungry labs,EXACT_MATCH,https://www.ycombinator.com/companies/hungry-labs
Inporia,Inporia,inporia,EXACT_MATCH,https://www.ycombinator.com/companies/inporia
Upverter,Upverter,upverter,EXACT_MATCH,https://www.ycombinator.com/companies/upverter
SingleStore,SingleStore,singlestore,EXACT_MATCH,https://www.ycombinator.com/companies/singlestore
Beetailer,Beetailer,beetailer,EXACT_MATCH,https://www.ycombinator.com/companies/beetailer
TellFi,TellFi,tellfi,EXACT_MATCH,https://www.ycombinator.com/companies/tellfi
Assembled,Assembled,assembled,EXACT_MATCH,https://www.ycombinator.com/companies/assembled
Talkable,Talkable,talkable,EXACT_MATCH,https://www.ycombinator.com/companies/talkable
FitFu,FitFu,fitfu,EXACT_MATCH,https://www.ycombinator.com/companies/fitfu
AppHarbor,AppHarbor,appharbor,EXACT_MATCH,https://www.ycombinator.com/companies/appharbor
Tumult,Tumult,tumult,EXACT_MATCH,https://www.ycombinator.com/companies/tumult
Earbits,Earbits,earbits,EXACT_MATCH,https://www.ycombinator.com/companies/earbits
Acunote,Acunote,acunote,EXACT_MATCH,https://www.ycombinator.com/companies/acunote
Sendoid,Sendoid,sendoid,EXACT_MATCH,https://www.ycombinator.com/companies/sendoid
HelloSign,HelloSign,hellosign,EXACT_MATCH,https://www.ycombinator.com/companies/hellosign
Instapainting,Instapainting,instapainting,EXACT_MATCH,https://www.ycombinator.com/companies/instapainting
You Got Listings,You Got Listings,you got listings,EXACT_MATCH,https://www.ycombinator.com/companies/you-got-listings-inc
Hotspots,Hotspots,hotspots,EXACT_MATCH,https://www.ycombinator.com/companies/hotspots
Tremendous,Tremendous,tremendous,EXACT_MATCH,https://www.ycombinator.com/companies/tremendous
Custora,Custora,custora,EXACT_MATCH,https://www.ycombinator.com/companies/custora
Comprehend,Comprehend,comprehend,EXACT_MATCH,https://www.ycombinator.com/companies/comprehend
Humble Bundle,Humble Bundle,humble bundle,EXACT_MATCH,https://www.ycombinator.com/companies/humble-bundle
Pebble,Pebble,pebble,EXACT_MATCH,https://www.ycombinator.com/companies/pebble
Hyperink,Hyperink,hyperink,EXACT_MATCH,https://www.ycombinator.com/companies/hyperink
Insight Data Science,Insight Data Science,insight data science,EXACT_MATCH,https://www.ycombinator.com/companies/insight-data-science
Convore,Convore,convore,EXACT_MATCH,https://www.ycombinator.com/companies/convore
Flotype,Flotype,flotype,EXACT_MATCH,https://www.ycombinator.com/companies/flotype
Fivestars,Fivestars,fivestars,EXACT_MATCH,https://www.ycombinator.com/companies/fivestars
Apportable,Apportable,apportable,EXACT_MATCH,https://www.ycombinator.com/companies/apportable
Close,Close,close,EXACT_MATCH,https://www.ycombinator.com/companies/close
Balanced,Balanced,balanced,EXACT_MATCH,https://www.ycombinator.com/companies/balanced
Mailgun,Mailgun,mailgun,EXACT_MATCH,https://www.ycombinator.com/companies/mailgun
Tutorspree,Tutorspree,tutorspree,EXACT_MATCH,https://www.ycombinator.com/companies/tutorspree
Mino Games,Mino Games,mino games,EXACT_MATCH,https://www.ycombinator.com/companies/mino-games
Lanyrd,Lanyrd,lanyrd,EXACT_MATCH,https://www.ycombinator.com/companies/lanyrd
TrustEgg,TrustEgg,trustegg,EXACT_MATCH,https://www.ycombinator.com/companies/trustegg
Siasto,Siasto,siasto,EXACT_MATCH,https://www.ycombinator.com/companies/siasto
GOAT Group,GOAT Group,goat group,EXACT_MATCH,https://www.ycombinator.com/companies/goat-group
OrderAhead,OrderAhead,orderahead,EXACT_MATCH,https://www.ycombinator.com/companies/orderahead
DrChrono,DrChrono,drchrono,EXACT_MATCH,https://www.ycombinator.com/companies/drchrono
Zerocater,Zerocater,zerocater,EXACT_MATCH,https://www.ycombinator.com/companies/zerocater
Storyworth,Storyworth,storyworth,EXACT_MATCH,https://www.ycombinator.com/companies/storyworth
TalkBin,TalkBin,talkbin,EXACT_MATCH,https://www.ycombinator.com/companies/talkbin
Venuetastic,Venuetastic,venuetastic,EXACT_MATCH,https://www.ycombinator.com/companies/venuetastic
SimplyListed,SimplyListed,simplylisted,EXACT_MATCH,https://www.ycombinator.com/companies/simplylisted
Chartio,Chartio,chartio,EXACT_MATCH,https://www.ycombinator.com/companies/chartio
Presto,Presto,presto,EXACT_MATCH,https://www.ycombinator.com/companies/presto
Hipmunk,Hipmunk,hipmunk,EXACT_MATCH,https://www.ycombinator.com/companies/hipmunk
Teevox,Teevox,teevox,EXACT_MATCH,https://www.ycombinator.com/companies/teevox
Rapportive,Rapportive,rapportive,EXACT_MATCH,https://www.ycombinator.com/companies/rapportive
Recurse Center,Recurse Center,recurse center,EXACT_MATCH,https://www.ycombinator.com/companies/recurse-center
Simperium,Simperium,simperium,EXACT_MATCH,https://www.ycombinator.com/companies/simperium
AeroFS,AeroFS,aerofs,EXACT_MATCH,https://www.ycombinator.com/companies/aerofs
Chirply,Chirply,chirply,EXACT_MATCH,https://www.ycombinator.com/companies/chirply
Habit Labs,Habit Labs,habit labs,EXACT_MATCH,https://www.ycombinator.com/companies/habit-labs
PadMapper,PadMapper,padmapper,EXACT_MATCH,https://www.ycombinator.com/companies/padmapper
DemandSphere,DemandSphere,demandsphere,EXACT_MATCH,https://www.ycombinator.com/companies/demandsphere
AnyList,AnyList,anylist,EXACT_MATCH,https://www.ycombinator.com/companies/anylist
Brushes,Brushes,brushes,EXACT_MATCH,https://www.ycombinator.com/companies/brushes
Gantto,Gantto,gantto,EXACT_MATCH,https://www.ycombinator.com/companies/gantto
Homejoy,Homejoy,homejoy,EXACT_MATCH,https://www.ycombinator.com/companies/homejoy
1000Memories,1000Memories,1000memories,EXACT_MATCH,https://www.ycombinator.com/companies/1000memories
GazeHawk,GazeHawk,gazehawk,EXACT_MATCH,https://www.ycombinator.com/companies/gazehawk
Leftronic,Leftronic,leftronic,EXACT_MATCH,https://www.ycombinator.com/companies/leftronic
Upbeat,Upbeat,upbeat,EXACT_MATCH,https://www.ycombinator.com/companies/upbeat
Opzi,Opzi,opzi,EXACT_MATCH,https://www.ycombinator.com/companies/opzi
FutureAdvisor,FutureAdvisor,futureadvisor,EXACT_MATCH,https://www.ycombinator.com/companies/futureadvisor
Docker,Docker,docker,EXACT_MATCH,https://www.ycombinator.com/companies/docker
Post.fm,Post.fm,postfm,EXACT_MATCH,https://www.ycombinator.com/companies/post-fm
inDinero,inDinero,indinero,EXACT_MATCH,https://www.ycombinator.com/companies/indinero
WorkFlowy,WorkFlowy,workflowy,EXACT_MATCH,https://www.ycombinator.com/companies/workflowy
PagerDuty,PagerDuty,pagerduty,EXACT_MATCH,https://www.ycombinator.com/companies/pagerduty
Ready For Zero,Ready For Zero,ready for zero,EXACT_MATCH,https://www.ycombinator.com/companies/ready-for-zero
MessageParty,MessageParty,messageparty,EXACT_MATCH,https://www.ycombinator.com/companies/messageparty
Fanvibe,Fanvibe,fanvibe,EXACT_MATCH,https://www.ycombinator.com/companies/fanvibe
Fridge,Fridge,fridge,EXACT_MATCH,https://www.ycombinator.com/companies/fridge
Tapzilla,Tapzilla,tapzilla,EXACT_MATCH,https://www.ycombinator.com/companies/tapzilla
Whereoscope,Whereoscope,whereoscope,EXACT_MATCH,https://www.ycombinator.com/companies/whereoscope
AdGrok,AdGrok,adgrok,EXACT_MATCH,https://www.ycombinator.com/companies/adgrok
Pribbit,Pribbit,pribbit,EXACT_MATCH,https://www.ycombinator.com/companies/pribbit
Koduco,Koduco,koduco,EXACT_MATCH,https://www.ycombinator.com/companies/koduco
Mertado,Mertado,mertado,EXACT_MATCH,https://www.ycombinator.com/companies/mertado
500Friends,500Friends,500friends,EXACT_MATCH,https://www.ycombinator.com/companies/500friends
All Screen,All Screen,all screen,EXACT_MATCH,https://www.ycombinator.com/companies/all-screen
Crocodoc,Crocodoc,crocodoc,EXACT_MATCH,https://www.ycombinator.com/companies/crocodoc
Bitplay,Bitplay,bitplay,EXACT_MATCH,https://www.ycombinator.com/companies/bitplay
Fabricly,Fabricly,fabricly,EXACT_MATCH,https://www.ycombinator.com/companies/fabricly
Embedly,Embedly,embedly,EXACT_MATCH,https://www.ycombinator.com/companies/embedly
Creative Market,Creative Market,creative market,EXACT_MATCH,https://www.ycombinator.com/companies/creative-market
Nowmov,Nowmov,nowmov,EXACT_MATCH,https://www.ycombinator.com/companies/nowmov
Optimizely,Optimizely,optimizely,EXACT_MATCH,https://www.ycombinator.com/companies/optimizely
LaunchHear,LaunchHear,launchhear,EXACT_MATCH,https://www.ycombinator.com/companies/launchhear
Zencoder,Zencoder,zencoder,EXACT_MATCH,https://www.ycombinator.com/companies/zencoder
Cue,Cue,cue,EXACT_MATCH,https://www.ycombinator.com/companies/cue
Answerly,Answerly,answerly,EXACT_MATCH,https://www.ycombinator.com/companies/answerly
OwnLocal,OwnLocal,ownlocal,EXACT_MATCH,https://www.ycombinator.com/companies/ownlocal
Zenedy,Zenedy,zenedy,EXACT_MATCH,https://www.ycombinator.com/companies/zenedy
Gamador,Gamador,gamador,EXACT_MATCH,https://www.ycombinator.com/companies/gamador
Fithub,Fithub,fithub,EXACT_MATCH,https://www.ycombinator.com/companies/fithub
Cardpool,Cardpool,cardpool,EXACT_MATCH,https://www.ycombinator.com/companies/cardpool
Movity,Movity,movity,EXACT_MATCH,https://www.ycombinator.com/companies/movity
Etacts,Etacts,etacts,EXACT_MATCH,https://www.ycombinator.com/companies/etacts
Data Marketplace,Data Marketplace,data marketplace,EXACT_MATCH,https://www.ycombinator.com/companies/data-marketplace
Newslabs,Newslabs,newslabs,EXACT_MATCH,https://www.ycombinator.com/companies/newslabs
Newcope,Newcope,newcope,EXACT_MATCH,https://www.ycombinator.com/companies/newcope
Infoharmoni,Infoharmoni,infoharmoni,EXACT_MATCH,https://www.ycombinator.com/companies/infoharmoni
Notifo,Notifo,notifo,EXACT_MATCH,https://www.ycombinator.com/companies/notifo
Listia,Listia,listia,EXACT_MATCH,https://www.ycombinator.com/companies/listia
Stripe,Stripe,stripe,EXACT_MATCH,https://www.ycombinator.com/companies/stripe
HighlightCam,HighlightCam,highlightcam,EXACT_MATCH,https://www.ycombinator.com/companies/highlightcam
DailyBooth,DailyBooth,dailybooth,EXACT_MATCH,https://www.ycombinator.com/companies/dailybooth
Bump,Bump,bump,EXACT_MATCH,https://www.ycombinator.com/companies/bump
WePay,WePay,wepay,EXACT_MATCH,https://www.ycombinator.com/companies/wepay
Directed Edge,Directed Edge,directed edge,EXACT_MATCH,https://www.ycombinator.com/companies/directed-edge
RethinkDB,RethinkDB,rethinkdb,EXACT_MATCH,https://www.ycombinator.com/companies/rethinkdb
Jobspice,Jobspice,jobspice,EXACT_MATCH,https://www.ycombinator.com/companies/jobspice
Mixpanel,Mixpanel,mixpanel,EXACT_MATCH,https://www.ycombinator.com/companies/mixpanel
Olark,Olark,olark,EXACT_MATCH,https://www.ycombinator.com/companies/olark
Lockitron,Lockitron,lockitron,EXACT_MATCH,https://www.ycombinator.com/companies/lockitron
CarWoo,CarWoo,carwoo,EXACT_MATCH,https://www.ycombinator.com/companies/carwoo
Tuxebo,Tuxebo,tuxebo,EXACT_MATCH,https://www.ycombinator.com/companies/tuxebo
Fanchatter,Fanchatter,fanchatter,EXACT_MATCH,https://www.ycombinator.com/companies/fanchatter
Plurchase,Plurchase,plurchase,EXACT_MATCH,https://www.ycombinator.com/companies/plurchase
GraffitiGeo,GraffitiGeo,graffitigeo,EXACT_MATCH,https://www.ycombinator.com/companies/graffitigeo
Flightcaster,Flightcaster,flightcaster,EXACT_MATCH,https://www.ycombinator.com/companies/flightcaster
NudgePad,NudgePad,nudgepad,EXACT_MATCH,https://www.ycombinator.com/companies/nudgepad
RentHop,RentHop,renthop,EXACT_MATCH,https://www.ycombinator.com/companies/renthop
Lingt,Lingt,lingt,EXACT_MATCH,https://www.ycombinator.com/companies/lingt
RoboHR,RoboHR,robohr,EXACT_MATCH,https://www.ycombinator.com/companies/robohr
AdThrow,AdThrow,adthrow,EXACT_MATCH,https://www.ycombinator.com/companies/adthrow
Stackq,Stackq,stackq,EXACT_MATCH,https://www.ycombinator.com/companies/stackq
Wakemate,Wakemate,wakemate,EXACT_MATCH,https://www.ycombinator.com/companies/wakemate
Instantq,Instantq,instantq,EXACT_MATCH,https://www.ycombinator.com/companies/instantq
Recurious,Recurious,recurious,EXACT_MATCH,https://www.ycombinator.com/companies/recurious
Skysheet,Skysheet,skysheet,EXACT_MATCH,https://www.ycombinator.com/companies/skysheet
Heyzap,Heyzap,heyzap,EXACT_MATCH,https://www.ycombinator.com/companies/heyzap
Wattvision,Wattvision,wattvision,EXACT_MATCH,https://www.ycombinator.com/companies/wattvision
Foodoro,Foodoro,foodoro,EXACT_MATCH,https://www.ycombinator.com/companies/foodoro
Volantio,Volantio,volantio,EXACT_MATCH,https://www.ycombinator.com/companies/volantio
Airbnb,Airbnb,airbnb,EXACT_MATCH,https://www.ycombinator.com/companies/airbnb
Divvyshot,Divvyshot,divvyshot,EXACT_MATCH,https://www.ycombinator.com/companies/divvyshot
reMail,reMail,remail,EXACT_MATCH,https://www.ycombinator.com/companies/remail
Echodio,Echodio,echodio,EXACT_MATCH,https://www.ycombinator.com/companies/echodio
Cloudkick,Cloudkick,cloudkick,EXACT_MATCH,https://www.ycombinator.com/companies/cloudkick
Spaces Life,Spaces Life,spaces life,EXACT_MATCH,https://www.ycombinator.com/companies/spaces-life
Picurio,Picurio,picurio,EXACT_MATCH,https://www.ycombinator.com/companies/picurio
Nambii,Nambii,nambii,EXACT_MATCH,https://www.ycombinator.com/companies/nambii
Voxli,Voxli,voxli,EXACT_MATCH,https://www.ycombinator.com/companies/voxli
PetaSales,PetaSales,petasales,EXACT_MATCH,https://www.ycombinator.com/companies/petasales
Posterous,Posterous,posterous,EXACT_MATCH,https://www.ycombinator.com/companies/posterous
Poll Everywhere,Poll Everywhere,poll everywhere,EXACT_MATCH,https://www.ycombinator.com/companies/poll-everywhere
OhLife,OhLife,ohlife,EXACT_MATCH,https://www.ycombinator.com/companies/ohlife
Cloudant,Cloudant,cloudant,EXACT_MATCH,https://www.ycombinator.com/companies/cloudant
Job Alchemist,Job Alchemist,job alchemist,EXACT_MATCH,https://www.ycombinator.com/companies/job-alchemist
Frogmetrics,Frogmetrics,frogmetrics,EXACT_MATCH,https://www.ycombinator.com/companies/frogmetrics
Anyvite,Anyvite,anyvite,EXACT_MATCH,https://www.ycombinator.com/companies/anyvite
CO2Stats,CO2Stats,co2stats,EXACT_MATCH,https://www.ycombinator.com/companies/co2stats
JustSpotted,JustSpotted,justspotted,EXACT_MATCH,https://www.ycombinator.com/companies/justspotted
Picwing,Picwing,picwing,EXACT_MATCH,https://www.ycombinator.com/companies/picwing
BackType,BackType,backtype,EXACT_MATCH,https://www.ycombinator.com/companies/backtype
Precognate,Precognate,precognate,EXACT_MATCH,https://www.ycombinator.com/companies/precognate
Youlicit,Youlicit,youlicit,EXACT_MATCH,https://www.ycombinator.com/companies/youlicit
Team Apart,Team Apart,team apart,EXACT_MATCH,https://www.ycombinator.com/companies/team-apart
Claimspotting,Claimspotting,claimspotting,EXACT_MATCH,https://www.ycombinator.com/companies/claimspotting
Ticket Stumbler,Ticket Stumbler,ticket stumbler,EXACT_MATCH,https://www.ycombinator.com/companies/ticket-stumbler
Snipd,Snipd,snipd,EXACT_MATCH,https://www.ycombinator.com/companies/snipd
Popcuts,Popcuts,popcuts,EXACT_MATCH,https://www.ycombinator.com/companies/popcuts
People & Pages,People & Pages,people pages,EXACT_MATCH,https://www.ycombinator.com/companies/people-and-pages
PlayReader,PlayReader,playreader,EXACT_MATCH,https://www.ycombinator.com/companies/playreader
Treehouse,Treehouse,treehouse,EXACT_MATCH,https://www.ycombinator.com/companies/treehouse
Slinkset,Slinkset,slinkset,EXACT_MATCH,https://www.ycombinator.com/companies/slinkset
Trigger,Trigger,trigger,EXACT_MATCH,https://www.ycombinator.com/companies/trigger
RescueTime,RescueTime,rescuetime,EXACT_MATCH,https://www.ycombinator.com/companies/rescuetime
A Thinking Ape,A Thinking Ape,a thinking ape,EXACT_MATCH,https://www.ycombinator.com/companies/a-thinking-ape
Ninite,Ninite,ninite,EXACT_MATCH,https://www.ycombinator.com/companies/ninite
Machine Zone,Machine Zone,machine zone,EXACT_MATCH,https://www.ycombinator.com/companies/machine-zone
MightyQuiz,MightyQuiz,mightyquiz,EXACT_MATCH,https://www.ycombinator.com/companies/mightyquiz
FathomDB,FathomDB,fathomdb,EXACT_MATCH,https://www.ycombinator.com/companies/fathomdb
Omnisio,Omnisio,omnisio,EXACT_MATCH,https://www.ycombinator.com/companies/omnisio
Heroku,Heroku,heroku,EXACT_MATCH,https://www.ycombinator.com/companies/heroku
280 North,280 North,280 north,EXACT_MATCH,https://www.ycombinator.com/companies/280-north
Wundrbar,Wundrbar,wundrbar,EXACT_MATCH,https://www.ycombinator.com/companies/wundrbar
Socialbrowse,Socialbrowse,socialbrowse,EXACT_MATCH,https://www.ycombinator.com/companies/socialbrowse
Mixwit,Mixwit,mixwit,EXACT_MATCH,https://www.ycombinator.com/companies/mixwit
Tipjoy,Tipjoy,tipjoy,EXACT_MATCH,https://www.ycombinator.com/companies/tipjoy
Kirkland North,Kirkland North,kirkland north,EXACT_MATCH,https://www.ycombinator.com/companies/kirkland-north
Deluux,Deluux,deluux,EXACT_MATCH,https://www.ycombinator.com/companies/deluux
YumDots,YumDots,yumdots,EXACT_MATCH,https://www.ycombinator.com/companies/yumdots
Snaptalent,Snaptalent,snaptalent,EXACT_MATCH,https://www.ycombinator.com/companies/snaptalent
Insoshi,Insoshi,insoshi,EXACT_MATCH,https://www.ycombinator.com/companies/insoshi
Joberator,Joberator,joberator,EXACT_MATCH,https://www.ycombinator.com/companies/joberator
BitSample,BitSample,bitsample,EXACT_MATCH,https://www.ycombinator.com/companies/bitsample
Songkick,Songkick,songkick,EXACT_MATCH,https://www.ycombinator.com/companies/songkick
Dropbox,Dropbox,dropbox,EXACT_MATCH,https://www.ycombinator.com/companies/dropbox
Blue Frog Gaming,Blue Frog Gaming,blue frog gaming,EXACT_MATCH,https://www.ycombinator.com/companies/blue-frog-gaming
Disqus,Disqus,disqus,EXACT_MATCH,https://www.ycombinator.com/companies/disqus
Bountii,Bountii,bountii,EXACT_MATCH,https://www.ycombinator.com/companies/bountii
Hello Chair,Hello Chair,hello chair,EXACT_MATCH,https://www.ycombinator.com/companies/hello-chair
iJigg/Top440,iJigg/Top440,ijiggtop440,EXACT_MATCH,https://www.ycombinator.com/companies/ijigg-top440
Splashup,Splashup,splashup,EXACT_MATCH,https://www.ycombinator.com/companies/splashup
ContestMachine,ContestMachine,contestmachine,EXACT_MATCH,https://www.ycombinator.com/companies/contestmachine
ZumoDrive,ZumoDrive,zumodrive,EXACT_MATCH,https://www.ycombinator.com/companies/zumodrive
SocialPicks,SocialPicks,socialpicks,EXACT_MATCH,https://www.ycombinator.com/companies/socialpicks
Clickpass,Clickpass,clickpass,EXACT_MATCH,https://www.ycombinator.com/companies/clickpass
Appjet,Appjet,appjet,EXACT_MATCH,https://www.ycombinator.com/companies/appjet
Anywhere.FM,Anywhere.FM,anywherefm,EXACT_MATCH,https://www.ycombinator.com/companies/anywhere-fm
Reble,Reble,reble,EXACT_MATCH,https://www.ycombinator.com/companies/reble
Meetyu,Meetyu,meetyu,EXACT_MATCH,https://www.ycombinator.com/companies/meetyu
Fuzzwich,Fuzzwich,fuzzwich,EXACT_MATCH,https://www.ycombinator.com/companies/fuzzwich
Eivod,Eivod,eivod,EXACT_MATCH,https://www.ycombinator.com/companies/eivod
Biographicon,Biographicon,biographicon,EXACT_MATCH,https://www.ycombinator.com/companies/biographicon
Virtualmin,Virtualmin,virtualmin,EXACT_MATCH,https://www.ycombinator.com/companies/virtualmin
Weebly,Weebly,weebly,EXACT_MATCH,https://www.ycombinator.com/companies/weebly
Tsumobi,Tsumobi,tsumobi,EXACT_MATCH,https://www.ycombinator.com/companies/tsumobi
Octopart,Octopart,octopart,EXACT_MATCH,https://www.ycombinator.com/companies/octopart
Buxfer,Buxfer,buxfer,EXACT_MATCH,https://www.ycombinator.com/companies/buxfer
Zenter,Zenter,zenter,EXACT_MATCH,https://www.ycombinator.com/companies/zenter
Auctomatic,Auctomatic,auctomatic,EXACT_MATCH,https://www.ycombinator.com/companies/auctomatic
WriteWith,WriteWith,writewith,EXACT_MATCH,https://www.ycombinator.com/companies/writewith
Whitenoise,Whitenoise,whitenoise,EXACT_MATCH,https://www.ycombinator.com/companies/whitenoise
View3,View3,view3,EXACT_MATCH,https://www.ycombinator.com/companies/view3
Socialmoth,Socialmoth,socialmoth,EXACT_MATCH,https://www.ycombinator.com/companies/socialmoth
Heysan,Heysan,heysan,EXACT_MATCH,https://www.ycombinator.com/companies/heysan
Xobni,Xobni,xobni,EXACT_MATCH,https://www.ycombinator.com/companies/xobni
Scribd,Scribd,scribd,EXACT_MATCH,https://www.ycombinator.com/companies/scribd
OMGPop,OMGPop,omgpop,EXACT_MATCH,https://www.ycombinator.com/companies/omgpop
Jamglue,Jamglue,jamglue,EXACT_MATCH,https://www.ycombinator.com/companies/jamglue
Thinkature,Thinkature,thinkature,EXACT_MATCH,https://www.ycombinator.com/companies/thinkature
Talkito,Talkito,talkito,EXACT_MATCH,https://www.ycombinator.com/companies/talkito
Shoutfit,Shoutfit,shoutfit,EXACT_MATCH,https://www.ycombinator.com/companies/shoutfit
Pollground,Pollground,pollground,EXACT_MATCH,https://www.ycombinator.com/companies/pollground
Zanbazaar,Zanbazaar,zanbazaar,EXACT_MATCH,https://www.ycombinator.com/companies/zanbazaar
Likebetter,Likebetter,likebetter,EXACT_MATCH,https://www.ycombinator.com/companies/likebetter
Jumpchat,Jumpchat,jumpchat,EXACT_MATCH,https://www.ycombinator.com/companies/jumpchat
Inkling,Inkling,inkling,EXACT_MATCH,https://www.ycombinator.com/companies/inkling
Clustrix,Clustrix,clustrix,EXACT_MATCH,https://www.ycombinator.com/companies/clustrix
Snipshot,Snipshot,snipshot,EXACT_MATCH,https://www.ycombinator.com/companies/snipshot
Project Wedding,Project Wedding,project wedding,EXACT_MATCH,https://www.ycombinator.com/companies/project-wedding
Wufoo,Wufoo,wufoo,EXACT_MATCH,https://www.ycombinator.com/companies/wufoo
Flagr,Flagr,flagr,EXACT_MATCH,https://www.ycombinator.com/companies/flagr
Audiobeta,Audiobeta,audiobeta,EXACT_MATCH,https://www.ycombinator.com/companies/audiobeta
Loopt,Loopt,loopt,EXACT_MATCH,https://www.ycombinator.com/companies/loopt
TextPayMe,TextPayMe,textpayme,EXACT_MATCH,https://www.ycombinator.com/companies/textpayme
Clickfacts,Clickfacts,clickfacts,EXACT_MATCH,https://www.ycombinator.com/companies/clickfacts
Simmery,Simmery,simmery,EXACT_MATCH,https://www.ycombinator.com/companies/simmery
Memamp,Memamp,memamp,EXACT_MATCH,https://www.ycombinator.com/companies/memamp
Kiko,Kiko,kiko,EXACT_MATCH,https://www.ycombinator.com/companies/kiko
Reddit,Reddit,reddit,EXACT_MATCH,https://www.ycombinator.com/companies/reddit
Infogami,Infogami,infogami,EXACT_MATCH,https://www.ycombinator.com/companies/infogami
Mixed Media Labs,Mixed Media Labs,mixed media labs,EXACT_MATCH,https://www.ycombinator.com/companies/mixed-media-labs
Twitch,Twitch,twitch,EXACT_MATCH,https://www.ycombinator.com/companies/twitch
Parakey,Parakey,parakey,EXACT_MATCH,https://www.ycombinator.com/companies/parakey
TomoGuides,TomoGuides,tomoguides,EXACT_MATCH,https://www.ycombinator.com/companies/tomoguides
Pixate,Pixate,pixate,EXACT_MATCH,https://www.ycombinator.com/companies/pixate
Knowmia,Knowmia,knowmia,EXACT_MATCH,https://www.ycombinator.com/companies/knowmia
Boosted,Boosted,boosted,EXACT_MATCH,https://www.ycombinator.com/companies/boosted
ZeroMailer,ZeroMailer,zeromailer,EXACT_MATCH,https://www.ycombinator.com/companies/zeromailer
Canopy Labs,Canopy Labs,canopy labs,EXACT_MATCH,https://www.ycombinator.com/companies/canopy-labs
LeanMarket,LeanMarket,leanmarket,EXACT_MATCH,https://www.ycombinator.com/companies/leanmarket
Kamcord,Kamcord,kamcord,EXACT_MATCH,https://www.ycombinator.com/companies/kamcord
Statwing,Statwing,statwing,EXACT_MATCH,https://www.ycombinator.com/companies/statwing
Rainforest,Rainforest,rainforest,EXACT_MATCH,https://www.ycombinator.com/companies/rainforest
Imgfave,Imgfave,imgfave,EXACT_MATCH,https://www.ycombinator.com/companies/imgfave
Fullstack Academy,Fullstack Academy,fullstack academy,EXACT_MATCH,https://www.ycombinator.com/companies/fullstack-academy
OmniVirt,OmniVirt,omnivirt,EXACT_MATCH,https://www.ycombinator.com/companies/omnivirt
Arc,Arc,arc,EXACT_MATCH,https://www.ycombinator.com/companies/arc
Streem,Streem,streem,EXACT_MATCH,https://www.ycombinator.com/companies/streem
Mth Sense,Mth Sense,mth sense,EXACT_MATCH,https://www.ycombinator.com/companies/mth-sense
Human Dx,Human Dx,human dx,EXACT_MATCH,https://www.ycombinator.com/companies/human-dx
Testmunk,Testmunk,testmunk,EXACT_MATCH,https://www.ycombinator.com/companies/testmunk
HealthSherpa,HealthSherpa,healthsherpa,EXACT_MATCH,https://www.ycombinator.com/companies/healthsherpa
Framebase,Framebase,framebase,EXACT_MATCH,https://www.ycombinator.com/companies/framebase
Mattermost,Mattermost,mattermost,EXACT_MATCH,https://www.ycombinator.com/companies/mattermost
Airshared,Airshared,airshared,EXACT_MATCH,https://www.ycombinator.com/companies/airshared
Zentail,Zentail,zentail,EXACT_MATCH,https://www.ycombinator.com/companies/zentail
Soylent,Soylent,soylent,EXACT_MATCH,https://www.ycombinator.com/companies/soylent
DataNitro,DataNitro,datanitro,EXACT_MATCH,https://www.ycombinator.com/companies/datanitro
Clever,Clever,clever,EXACT_MATCH,https://www.ycombinator.com/companies/clever
Vayable,Vayable,vayable,EXACT_MATCH,https://www.ycombinator.com/companies/vayable
SmartAsset,SmartAsset,smartasset,EXACT_MATCH,https://www.ycombinator.com/companies/smartasset
FundersClub,FundersClub,fundersclub,EXACT_MATCH,https://www.ycombinator.com/companies/fundersclub
Grid,Grid,grid,EXACT_MATCH,https://www.ycombinator.com/companies/binary-thumb
Eligible,Eligible,eligible,EXACT_MATCH,https://www.ycombinator.com/companies/eligible
Crohnology (by Healthy Labs),Crohnology (by Healthy Labs),crohnology by healthy labs,EXACT_MATCH,https://www.ycombinator.com/companies/crohnology-by-healthy-labs
BrainTripping,BrainTripping,braintripping,EXACT_MATCH,https://www.ycombinator.com/companies/braintripping
Markupwand,Markupwand,markupwand,EXACT_MATCH,https://www.ycombinator.com/companies/markupwand
Hiptype,Hiptype,hiptype,EXACT_MATCH,https://www.ycombinator.com/companies/hiptype
Kippt,Kippt,kippt,EXACT_MATCH,https://www.ycombinator.com/companies/kippt
Easel,Easel,easel,EXACT_MATCH,https://www.ycombinator.com/companies/easel
Hipset,Hipset,hipset,EXACT_MATCH,https://www.ycombinator.com/companies/hipset
FileStack,FileStack,filestack,EXACT_MATCH,https://www.ycombinator.com/companies/filestack
Collections,Collections,collections,EXACT_MATCH,https://www.ycombinator.com/companies/collections
Dreamforge,Dreamforge,dreamforge,EXACT_MATCH,https://www.ycombinator.com/companies/dreamforge
Upwave,Upwave,upwave,EXACT_MATCH,https://www.ycombinator.com/companies/upwave
Lever,Lever,lever,EXACT_MATCH,https://www.ycombinator.com/companies/lever
ReelSurfer,ReelSurfer,reelsurfer,EXACT_MATCH,https://www.ycombinator.com/companies/reelsurfer
Keychain Logistics,Keychain Logistics,keychain logistics,EXACT_MATCH,https://www.ycombinator.com/companies/keychain-logistics
OctaveWealth,OctaveWealth,octavewealth,EXACT_MATCH,https://www.ycombinator.com/companies/octavewealth
BufferBox,BufferBox,bufferbox,EXACT_MATCH,https://www.ycombinator.com/companies/bufferbox
Natero,Natero,natero,EXACT_MATCH,https://www.ycombinator.com/companies/natero
Profig,Profig,profig,EXACT_MATCH,https://www.ycombinator.com/companies/profig
Partnered,Partnered,partnered,EXACT_MATCH,https://www.ycombinator.com/companies/partnered
NewsBlur,NewsBlur,newsblur,EXACT_MATCH,https://www.ycombinator.com/companies/newsblur
Coinbase,Coinbase,coinbase,EXACT_MATCH,https://www.ycombinator.com/companies/coinbase
Submittable,Submittable,submittable,EXACT_MATCH,https://www.ycombinator.com/companies/submittable
Mattermark,Mattermark,mattermark,EXACT_MATCH,https://www.ycombinator.com/companies/mattermark
Zapier,Zapier,zapier,EXACT_MATCH,https://www.ycombinator.com/companies/zapier
VoiceGem,VoiceGem,voicegem,EXACT_MATCH,https://www.ycombinator.com/companies/voicegem
BackerKit,BackerKit,backerkit,EXACT_MATCH,https://www.ycombinator.com/companies/backerkit
Benchling,Benchling,benchling,EXACT_MATCH,https://www.ycombinator.com/companies/benchling
Flightfox,Flightfox,flightfox,EXACT_MATCH,https://www.ycombinator.com/companies/flightfox
Coco Controller,Coco Controller,coco controller,EXACT_MATCH,https://www.ycombinator.com/companies/coco-controller
Tastemaker,Tastemaker,tastemaker,EXACT_MATCH,https://www.ycombinator.com/companies/tastemaker
GoScale,GoScale,goscale,EXACT_MATCH,https://www.ycombinator.com/companies/goscale
RegistryLove,RegistryLove,registrylove,EXACT_MATCH,https://www.ycombinator.com/companies/registrylove
Credictive,Credictive,credictive,EXACT_MATCH,https://www.ycombinator.com/companies/credictive
MicroEval,MicroEval,microeval,EXACT_MATCH,https://www.ycombinator.com/companies/microeval
Everyday.me,Everyday.me,everydayme,EXACT_MATCH,https://www.ycombinator.com/companies/everyday-me
Celery,Celery,celery,EXACT_MATCH,https://www.ycombinator.com/companies/celery
Virool,Virool,virool,EXACT_MATCH,https://www.ycombinator.com/companies/virool
Parallel Universe,Parallel Universe,parallel universe,EXACT_MATCH,https://www.ycombinator.com/companies/parallel-universe
Viacycle,Viacycle,viacycle,EXACT_MATCH,https://www.ycombinator.com/companies/viacycle
Assorted Bits,Assorted Bits,assorted bits,EXACT_MATCH,https://www.ycombinator.com/companies/assorted-bits
Scoutzie,Scoutzie,scoutzie,EXACT_MATCH,https://www.ycombinator.com/companies/scoutzie
Vastrm,Vastrm,vastrm,EXACT_MATCH,https://www.ycombinator.com/companies/vastrm
Double Robotics,Double Robotics,double robotics,EXACT_MATCH,https://www.ycombinator.com/companies/double-robotics
Study Edge,Study Edge,study edge,EXACT_MATCH,https://www.ycombinator.com/companies/study-edge
GetGoing,GetGoing,getgoing,EXACT_MATCH,https://www.ycombinator.com/companies/getgoing
Plivo,Plivo,plivo,EXACT_MATCH,https://www.ycombinator.com/companies/plivo
Thread,Thread,thread,EXACT_MATCH,https://www.ycombinator.com/companies/thread
Light Table/Eve,Light Table/Eve,light tableeve,EXACT_MATCH,https://www.ycombinator.com/companies/light-table-eve
Svbtle,Svbtle,svbtle,EXACT_MATCH,https://www.ycombinator.com/companies/svbtle
Instacart,Instacart,instacart,EXACT_MATCH,https://www.ycombinator.com/companies/instacart
9gag,9gag,9gag,EXACT_MATCH,https://www.ycombinator.com/companies/9gag
StyleUp,StyleUp,styleup,EXACT_MATCH,https://www.ycombinator.com/companies/styleup
CircuitLab,CircuitLab,circuitlab,EXACT_MATCH,https://www.ycombinator.com/companies/circuitlab
Screenhero,Screenhero,screenhero,EXACT_MATCH,https://www.ycombinator.com/companies/screenhero
Scuba,Scuba,scuba,EXACT_MATCH,https://www.ycombinator.com/companies/interana
Appcubator,Appcubator,appcubator,EXACT_MATCH,https://www.ycombinator.com/companies/appcubator
North,North,north,EXACT_MATCH,https://www.ycombinator.com/companies/north
Swish,Swish,swish,EXACT_MATCH,https://www.ycombinator.com/companies/swish
PayTango,PayTango,paytango,EXACT_MATCH,https://www.ycombinator.com/companies/paytango
VaycayHero,VaycayHero,vaycayhero,EXACT_MATCH,https://www.ycombinator.com/companies/vaycayhero
BuildZoom,BuildZoom,buildzoom,EXACT_MATCH,https://www.ycombinator.com/companies/buildzoom
Trainzen,Trainzen,trainzen,EXACT_MATCH,https://www.ycombinator.com/companies/trainzen
Padlet,Padlet,padlet,EXACT_MATCH,https://www.ycombinator.com/companies/padlet
Fivetran,Fivetran,fivetran,EXACT_MATCH,https://www.ycombinator.com/companies/fivetran
GrepData,GrepData,grepdata,EXACT_MATCH,https://www.ycombinator.com/companies/grepdata
Lawdingo,Lawdingo,lawdingo,EXACT_MATCH,https://www.ycombinator.com/companies/lawdingo
Bitnami,Bitnami,bitnami,EXACT_MATCH,https://www.ycombinator.com/companies/bitnami
Cheetah,Cheetah,cheetah,EXACT_MATCH,https://www.ycombinator.com/companies/cheetah
Medisas,Medisas,medisas,EXACT_MATCH,https://www.ycombinator.com/companies/medisas
Etleap,Etleap,etleap,EXACT_MATCH,https://www.ycombinator.com/companies/etleap
RoverRide,RoverRide,roverride,EXACT_MATCH,https://www.ycombinator.com/companies/roverride
InfluxData,InfluxData,influxdata,EXACT_MATCH,https://www.ycombinator.com/companies/influxdata
Strikingly,Strikingly,strikingly,EXACT_MATCH,https://www.ycombinator.com/companies/strikingly
Lollipuff,Lollipuff,lollipuff,EXACT_MATCH,https://www.ycombinator.com/companies/lollipuff
RADAR,RADAR,radar,EXACT_MATCH,https://www.ycombinator.com/companies/radar
Meldium,Meldium,meldium,EXACT_MATCH,https://www.ycombinator.com/companies/meldium
BeatDeck,BeatDeck,beatdeck,EXACT_MATCH,https://www.ycombinator.com/companies/beatdeck
Swapbox,Swapbox,swapbox,EXACT_MATCH,https://www.ycombinator.com/companies/swapbox
Experiment,Experiment,experiment,EXACT_MATCH,https://www.ycombinator.com/companies/experiment
Heap,Heap,heap,EXACT_MATCH,https://www.ycombinator.com/companies/heap
MedXT,MedXT,medxt,EXACT_MATCH,https://www.ycombinator.com/companies/medxt
SimplyInsured,SimplyInsured,simplyinsured,EXACT_MATCH,https://www.ycombinator.com/companies/simplyinsured
FlightCar,FlightCar,flightcar,EXACT_MATCH,https://www.ycombinator.com/companies/flightcar
CrowdMed,CrowdMed,crowdmed,EXACT_MATCH,https://www.ycombinator.com/companies/crowdmed
Wefunder,Wefunder,wefunder,EXACT_MATCH,https://www.ycombinator.com/companies/wefunder
Coin,Coin,coin,EXACT_MATCH,https://www.ycombinator.com/companies/coin
Wevorce,Wevorce,wevorce,EXACT_MATCH,https://www.ycombinator.com/companies/wevorce
Kalibrr,Kalibrr,kalibrr,EXACT_MATCH,https://www.ycombinator.com/companies/kalibrr
Zenefits,Zenefits,zenefits,EXACT_MATCH,https://www.ycombinator.com/companies/zenefits
Goldbelly,Goldbelly,goldbelly,EXACT_MATCH,https://www.ycombinator.com/companies/goldbelly
Logiblock,Logiblock,logiblock,EXACT_MATCH,https://www.ycombinator.com/companies/logiblock
Semantics3,Semantics3,semantics3,EXACT_MATCH,https://www.ycombinator.com/companies/semantics3
Teespring,Teespring,teespring,EXACT_MATCH,https://www.ycombinator.com/companies/teespring
Airware,Airware,airware,EXACT_MATCH,https://www.ycombinator.com/companies/airware
Posmetrics,Posmetrics,posmetrics,EXACT_MATCH,https://www.ycombinator.com/companies/posmetrics
Prophecy Sciences,Prophecy Sciences,prophecy sciences,EXACT_MATCH,https://www.ycombinator.com/companies/prophecy-sciences
Watsi,Watsi,watsi,EXACT_MATCH,https://www.ycombinator.com/companies/watsi
7cups,7cups,7cups,EXACT_MATCH,https://www.ycombinator.com/companies/7cups
URX,URX,urx,EXACT_MATCH,https://www.ycombinator.com/companies/urx
Teleborder,Teleborder,teleborder,EXACT_MATCH,https://www.ycombinator.com/companies/teleborder
FanHero,FanHero,fanhero,EXACT_MATCH,https://www.ycombinator.com/companies/fanhero
Apptimize,Apptimize,apptimize,EXACT_MATCH,https://www.ycombinator.com/companies/apptimize
Asseta,Asseta,asseta,EXACT_MATCH,https://www.ycombinator.com/companies/asseta
Standard Treasury,Standard Treasury,standard treasury,EXACT_MATCH,https://www.ycombinator.com/companies/standard-treasury
BloomThat,BloomThat,bloomthat,EXACT_MATCH,https://www.ycombinator.com/companies/bloomthat
StackMachine,StackMachine,stackmachine,EXACT_MATCH,https://www.ycombinator.com/companies/stackmachine
Hackermeter,Hackermeter,hackermeter,EXACT_MATCH,https://www.ycombinator.com/companies/hackermeter
Buttercoin,Buttercoin,buttercoin,EXACT_MATCH,https://www.ycombinator.com/companies/buttercoin
CoreOS,CoreOS,coreos,EXACT_MATCH,https://www.ycombinator.com/companies/coreos
Crowdery,Crowdery,crowdery,EXACT_MATCH,https://www.ycombinator.com/companies/crowdery
GoComm,GoComm,gocomm,EXACT_MATCH,https://www.ycombinator.com/companies/gocomm
DoorDash,DoorDash,doordash,EXACT_MATCH,https://www.ycombinator.com/companies/doordash
EasyPost,EasyPost,easypost,EXACT_MATCH,https://www.ycombinator.com/companies/easypost
SimpleLegal,SimpleLegal,simplelegal,EXACT_MATCH,https://www.ycombinator.com/companies/simplelegal
"Estimote, Inc.","Estimote, Inc.",estimote,EXACT_MATCH,https://www.ycombinator.com/companies/estimote-inc
Floobits,Floobits,floobits,EXACT_MATCH,https://www.ycombinator.com/companies/floobits
Glio,Glio,glio,EXACT_MATCH,https://www.ycombinator.com/companies/glio
Graft Concepts,Graft Concepts,graft concepts,EXACT_MATCH,https://www.ycombinator.com/companies/graft-concepts
Hum,Hum,hum,EXACT_MATCH,https://www.ycombinator.com/companies/hum
Cratejoy,Cratejoy,cratejoy,EXACT_MATCH,https://www.ycombinator.com/companies/cratejoy
SpoonRocket,SpoonRocket,spoonrocket,EXACT_MATCH,https://www.ycombinator.com/companies/spoonrocket
Casetext,Casetext,casetext,EXACT_MATCH,https://www.ycombinator.com/companies/casetext
Layer By Layer,Layer By Layer,layer by layer,EXACT_MATCH,https://www.ycombinator.com/companies/layer-by-layer
Le Tote,Le Tote,le tote,EXACT_MATCH,https://www.ycombinator.com/companies/le-tote
LocalOn,LocalOn,localon,EXACT_MATCH,https://www.ycombinator.com/companies/localon
Senic,Senic,senic,EXACT_MATCH,https://www.ycombinator.com/companies/senic
Meta,Meta,meta,EXACT_MATCH,https://www.ycombinator.com/companies/meta
One Month,One Month,one month,EXACT_MATCH,https://www.ycombinator.com/companies/one-month
Panorama Education,Panorama Education,panorama education,EXACT_MATCH,https://www.ycombinator.com/companies/panorama-education
Watchsend,Watchsend,watchsend,EXACT_MATCH,https://www.ycombinator.com/companies/watchsend
Lob,Lob,lob,EXACT_MATCH,https://www.ycombinator.com/companies/lob
Amulyte,Amulyte,amulyte,EXACT_MATCH,https://www.ycombinator.com/companies/amulyte
RealCrowd,RealCrowd,realcrowd,EXACT_MATCH,https://www.ycombinator.com/companies/realcrowd
Reebee,Reebee,reebee,EXACT_MATCH,https://www.ycombinator.com/companies/reebee
Arcus,Arcus,arcus,EXACT_MATCH,https://www.ycombinator.com/companies/arcus
Audobox,Audobox,audobox,EXACT_MATCH,https://www.ycombinator.com/companies/audobox
Bop.fm,Bop.fm,bopfm,EXACT_MATCH,https://www.ycombinator.com/companies/bop-fm
Butter Systems,Butter Systems,butter systems,EXACT_MATCH,https://www.ycombinator.com/companies/butter-systems
StatusPage,StatusPage,statuspage,EXACT_MATCH,https://www.ycombinator.com/companies/statuspage
Lumoid,Lumoid,lumoid,EXACT_MATCH,https://www.ycombinator.com/companies/lumoid
SoundFocus,SoundFocus,soundfocus,EXACT_MATCH,https://www.ycombinator.com/companies/soundfocus
True Link,True Link,true link,EXACT_MATCH,https://www.ycombinator.com/companies/true-link
Datarank,Datarank,datarank,EXACT_MATCH,https://www.ycombinator.com/companies/datarank
Kivo,Kivo,kivo,EXACT_MATCH,https://www.ycombinator.com/companies/kivo
Webflow,Webflow,webflow,EXACT_MATCH,https://www.ycombinator.com/companies/webflow
Weilos,Weilos,weilos,EXACT_MATCH,https://www.ycombinator.com/companies/weilos
WebCake,WebCake,webcake,EXACT_MATCH,https://www.ycombinator.com/companies/webcake
Ixiplay,Ixiplay,ixiplay,EXACT_MATCH,https://www.ycombinator.com/companies/ixiplay
Echo Locker,Echo Locker,echo locker,EXACT_MATCH,https://www.ycombinator.com/companies/echo-locker
42,42,42,EXACT_MATCH,https://www.ycombinator.com/companies/42
Abacus,Abacus,abacus,EXACT_MATCH,https://www.ycombinator.com/companies/abacus
Boostable,Boostable,boostable,EXACT_MATCH,https://www.ycombinator.com/companies/boostable
AirHelp,AirHelp,airhelp,EXACT_MATCH,https://www.ycombinator.com/companies/airhelp
Two Tap,Two Tap,two tap,EXACT_MATCH,https://www.ycombinator.com/companies/two-tap
Ambition,Ambition,ambition,EXACT_MATCH,https://www.ycombinator.com/companies/ambition
CareMessage,CareMessage,caremessage,EXACT_MATCH,https://www.ycombinator.com/companies/caremessage
AptDeco,AptDeco,aptdeco,EXACT_MATCH,https://www.ycombinator.com/companies/aptdeco
Awesometalk,Awesometalk,awesometalk,EXACT_MATCH,https://www.ycombinator.com/companies/awesometalk
Bellabeat,Bellabeat,bellabeat,EXACT_MATCH,https://www.ycombinator.com/companies/bellabeat
Chargehound,Chargehound,chargehound,EXACT_MATCH,https://www.ycombinator.com/companies/chargehound
Cambly,Cambly,cambly,EXACT_MATCH,https://www.ycombinator.com/companies/cambly
Futureleague,Futureleague,futureleague,EXACT_MATCH,https://www.ycombinator.com/companies/futureleague
Noora Health,Noora Health,noora health,EXACT_MATCH,https://www.ycombinator.com/companies/noora-health
CodeCombat,CodeCombat,codecombat,EXACT_MATCH,https://www.ycombinator.com/companies/codecombat
CodeNow,CodeNow,codenow,EXACT_MATCH,https://www.ycombinator.com/companies/codenow
Threadable,Threadable,threadable,EXACT_MATCH,https://www.ycombinator.com/companies/threadable
Cruise,Cruise,cruise,EXACT_MATCH,https://www.ycombinator.com/companies/cruise
Dating Ring,Dating Ring,dating ring,EXACT_MATCH,https://www.ycombinator.com/companies/dating-ring
Yumbin,Yumbin,yumbin,EXACT_MATCH,https://www.ycombinator.com/companies/yumbin
Drive Pulse,Drive Pulse,drive pulse,EXACT_MATCH,https://www.ycombinator.com/companies/drive-pulse
Eventjoy,Eventjoy,eventjoy,EXACT_MATCH,https://www.ycombinator.com/companies/eventjoy
Flexport,Flexport,flexport,EXACT_MATCH,https://www.ycombinator.com/companies/flexport
Axoni,Axoni,axoni,EXACT_MATCH,https://www.ycombinator.com/companies/axoni
Kimono Labs,Kimono Labs,kimono labs,EXACT_MATCH,https://www.ycombinator.com/companies/kimono-labs
Kuna Systems,Kuna Systems,kuna systems,EXACT_MATCH,https://www.ycombinator.com/companies/kuna-systems
DevCycle,DevCycle,devcycle,EXACT_MATCH,https://www.ycombinator.com/companies/devcycle
MadeSolid,MadeSolid,madesolid,EXACT_MATCH,https://www.ycombinator.com/companies/madesolid
Emailio,Emailio,emailio,EXACT_MATCH,https://www.ycombinator.com/companies/emailio
MBX,MBX,mbx,EXACT_MATCH,https://www.ycombinator.com/companies/mbx
Motionlead,Motionlead,motionlead,EXACT_MATCH,https://www.ycombinator.com/companies/motionlead
Move Loot,Move Loot,move loot,EXACT_MATCH,https://www.ycombinator.com/companies/move-loot
Next Caller,Next Caller,next caller,EXACT_MATCH,https://www.ycombinator.com/companies/next-caller
HoverChat,HoverChat,hoverchat,EXACT_MATCH,https://www.ycombinator.com/companies/hoverchat
One Degree,One Degree,one degree,EXACT_MATCH,https://www.ycombinator.com/companies/one-degree
StackLead,StackLead,stacklead,EXACT_MATCH,https://www.ycombinator.com/companies/stacklead
Theorem,Theorem,theorem,EXACT_MATCH,https://www.ycombinator.com/companies/theorem
Liftigniter,Liftigniter,liftigniter,EXACT_MATCH,https://www.ycombinator.com/companies/liftigniter
PiinPoint,PiinPoint,piinpoint,EXACT_MATCH,https://www.ycombinator.com/companies/piinpoint
PipelineDB,PipelineDB,pipelinedb,EXACT_MATCH,https://www.ycombinator.com/companies/pipelinedb
Povio,Povio,povio,EXACT_MATCH,https://www.ycombinator.com/companies/povio
Pushbullet,Pushbullet,pushbullet,EXACT_MATCH,https://www.ycombinator.com/companies/pushbullet
Rickshaw,Rickshaw,rickshaw,EXACT_MATCH,https://www.ycombinator.com/companies/rickshaw
Rocketrip,Rocketrip,rocketrip,EXACT_MATCH,https://www.ycombinator.com/companies/rocketrip
Shoobs,Shoobs,shoobs,EXACT_MATCH,https://www.ycombinator.com/companies/shoobs
SketchDeck,SketchDeck,sketchdeck,EXACT_MATCH,https://www.ycombinator.com/companies/sketchdeck
MerryMint,MerryMint,merrymint,EXACT_MATCH,https://www.ycombinator.com/companies/merrymint
Snapdocs,Snapdocs,snapdocs,EXACT_MATCH,https://www.ycombinator.com/companies/snapdocs
Shopagram,Shopagram,shopagram,EXACT_MATCH,https://www.ycombinator.com/companies/shopagram
Edyn,Edyn,edyn,EXACT_MATCH,https://www.ycombinator.com/companies/edyn
Style Lend,Style Lend,style lend,EXACT_MATCH,https://www.ycombinator.com/companies/style-lend
Guesty,Guesty,guesty,EXACT_MATCH,https://www.ycombinator.com/companies/guesty
Terravion,Terravion,terravion,EXACT_MATCH,https://www.ycombinator.com/companies/terravion
TrueVault,TrueVault,truevault,EXACT_MATCH,https://www.ycombinator.com/companies/truevault
Unicornly,Unicornly,unicornly,EXACT_MATCH,https://www.ycombinator.com/companies/unicornly
Weave,Weave,weave,EXACT_MATCH,https://www.ycombinator.com/companies/weave
Weave,Weave,weave,EXACT_MATCH,https://www.ycombinator.com/companies/weave-2
Wit.ai,Wit.ai,witai,EXACT_MATCH,https://www.ycombinator.com/companies/wit-ai
Zesty,Zesty,zesty,EXACT_MATCH,https://www.ycombinator.com/companies/zesty
Zidisha,Zidisha,zidisha,EXACT_MATCH,https://www.ycombinator.com/companies/zidisha
Zinc,Zinc,zinc,EXACT_MATCH,https://www.ycombinator.com/companies/zinc
ZowPow,ZowPow,zowpow,EXACT_MATCH,https://www.ycombinator.com/companies/zowpow
Algolia,Algolia,algolia,EXACT_MATCH,https://www.ycombinator.com/companies/algolia
Gobble,Gobble,gobble,EXACT_MATCH,https://www.ycombinator.com/companies/gobble
AirPair,AirPair,airpair,EXACT_MATCH,https://www.ycombinator.com/companies/airpair
GBatteries,GBatteries,gbatteries,EXACT_MATCH,https://www.ycombinator.com/companies/gbatteries
Unbabel,Unbabel,unbabel,EXACT_MATCH,https://www.ycombinator.com/companies/unbabel
MixerBox,MixerBox,mixerbox,EXACT_MATCH,https://www.ycombinator.com/companies/mixerbox
OpenCurriculum,OpenCurriculum,opencurriculum,EXACT_MATCH,https://www.ycombinator.com/companies/opencurriculum
Dyspatch,Dyspatch,dyspatch,EXACT_MATCH,https://www.ycombinator.com/companies/dyspatch
Whirlscape,Whirlscape,whirlscape,EXACT_MATCH,https://www.ycombinator.com/companies/whirlscape
Avametric,Avametric,avametric,EXACT_MATCH,https://www.ycombinator.com/companies/avametric
Framed Data,Framed Data,framed data,EXACT_MATCH,https://www.ycombinator.com/companies/framed-data
Immunity Project,Immunity Project,immunity project,EXACT_MATCH,https://www.ycombinator.com/companies/immunity-project
Vidpresso,Vidpresso,vidpresso,EXACT_MATCH,https://www.ycombinator.com/companies/vidpresso
Aptible,Aptible,aptible,EXACT_MATCH,https://www.ycombinator.com/companies/aptible
Zip Phone,Zip Phone,zip phone,EXACT_MATCH,https://www.ycombinator.com/companies/zip-phone
Backpack,Backpack,backpack,EXACT_MATCH,https://www.ycombinator.com/companies/backpack
Bannerman,Bannerman,bannerman,EXACT_MATCH,https://www.ycombinator.com/companies/bannerman
Parenthoods,Parenthoods,parenthoods,EXACT_MATCH,https://www.ycombinator.com/companies/parenthoods
SpringWit,SpringWit,springwit,EXACT_MATCH,https://www.ycombinator.com/companies/springwit
Bikanta,Bikanta,bikanta,EXACT_MATCH,https://www.ycombinator.com/companies/bikanta
Billforward,Billforward,billforward,EXACT_MATCH,https://www.ycombinator.com/companies/billforward
Bitaccess,Bitaccess,bitaccess,EXACT_MATCH,https://www.ycombinator.com/companies/bitaccess
Carlypso,Carlypso,carlypso,EXACT_MATCH,https://www.ycombinator.com/companies/carlypso
Checkr,Checkr,checkr,EXACT_MATCH,https://www.ycombinator.com/companies/checkr
Clara Labs,Clara Labs,clara labs,EXACT_MATCH,https://www.ycombinator.com/companies/clara-labs
Clear,Clear,clear,EXACT_MATCH,https://www.ycombinator.com/companies/cleartax
Craft Coffee,Craft Coffee,craft coffee,EXACT_MATCH,https://www.ycombinator.com/companies/craft-coffee
PersistIQ,PersistIQ,persistiq,EXACT_MATCH,https://www.ycombinator.com/companies/persistiq
Doblet,Doblet,doblet,EXACT_MATCH,https://www.ycombinator.com/companies/doblet
Owners Circle,Owners Circle,owners circle,EXACT_MATCH,https://www.ycombinator.com/companies/owners-circle
Fixed,Fixed,fixed,EXACT_MATCH,https://www.ycombinator.com/companies/fixed
Flaviar,Flaviar,flaviar,EXACT_MATCH,https://www.ycombinator.com/companies/flaviar
Flytenow,Flytenow,flytenow,EXACT_MATCH,https://www.ycombinator.com/companies/flytenow
Hyperpad,Hyperpad,hyperpad,EXACT_MATCH,https://www.ycombinator.com/companies/hyperpad
TAXA Biotechnologies,TAXA Biotechnologies,taxa biotechnologies,EXACT_MATCH,https://www.ycombinator.com/companies/taxa-biotechnologies
GovPredict,GovPredict,govpredict,EXACT_MATCH,https://www.ycombinator.com/companies/govpredict
Blockspring,Blockspring,blockspring,EXACT_MATCH,https://www.ycombinator.com/companies/blockspring
Greentoe,Greentoe,greentoe,EXACT_MATCH,https://www.ycombinator.com/companies/greentoe
Hublo,Hublo,hublo,EXACT_MATCH,https://www.ycombinator.com/companies/hublo
VizeraLabs,VizeraLabs,vizeralabs,EXACT_MATCH,https://www.ycombinator.com/companies/vizeralabs
Impraise,Impraise,impraise,EXACT_MATCH,https://www.ycombinator.com/companies/impraise
Protocol Labs,Protocol Labs,protocol labs,EXACT_MATCH,https://www.ycombinator.com/companies/protocol-labs
Kash,Kash,kash,EXACT_MATCH,https://www.ycombinator.com/companies/kash
Lawn Love,Lawn Love,lawn love,EXACT_MATCH,https://www.ycombinator.com/companies/lawn-love
ListRunner,ListRunner,listrunner,EXACT_MATCH,https://www.ycombinator.com/companies/listrunner
Replenish,Replenish,replenish,EXACT_MATCH,https://www.ycombinator.com/companies/replenish
MetricWire,MetricWire,metricwire,EXACT_MATCH,https://www.ycombinator.com/companies/metricwire
MTailor,MTailor,mtailor,EXACT_MATCH,https://www.ycombinator.com/companies/mtailor
Naytev,Naytev,naytev,EXACT_MATCH,https://www.ycombinator.com/companies/naytev
Neptune.io,Neptune.io,neptuneio,EXACT_MATCH,https://www.ycombinator.com/companies/neptune-io
Alchemy,Alchemy,alchemy,EXACT_MATCH,https://www.ycombinator.com/companies/alchemy
Nightingale,Nightingale,nightingale,EXACT_MATCH,https://www.ycombinator.com/companies/nightingale
Permutive,Permutive,permutive,EXACT_MATCH,https://www.ycombinator.com/companies/permutive
PicnicAI,PicnicAI,picnicai,EXACT_MATCH,https://www.ycombinator.com/companies/picnicai
In Your Corner,In Your Corner,in your corner,EXACT_MATCH,https://www.ycombinator.com/companies/in-your-corner
Product Hunt,Product Hunt,product hunt,EXACT_MATCH,https://www.ycombinator.com/companies/product-hunt
Cheddar,Cheddar,cheddar,EXACT_MATCH,https://www.ycombinator.com/companies/cheddar
Rigetti Computing,Rigetti Computing,rigetti computing,EXACT_MATCH,https://www.ycombinator.com/companies/rigetti-computing
Roost,Roost,roost,EXACT_MATCH,https://www.ycombinator.com/companies/roost
SFOX,SFOX,sfox,EXACT_MATCH,https://www.ycombinator.com/companies/sfox
UserGems,UserGems,usergems,EXACT_MATCH,https://www.ycombinator.com/companies/usergems
Apto Payments,Apto Payments,apto payments,EXACT_MATCH,https://www.ycombinator.com/companies/apto-payments
ShipBob,ShipBob,shipbob,EXACT_MATCH,https://www.ycombinator.com/companies/shipbob
Shout,Shout,shout,EXACT_MATCH,https://www.ycombinator.com/companies/shout
SalesSift,SalesSift,salessift,EXACT_MATCH,https://www.ycombinator.com/companies/salessift
SpotAngels,SpotAngels,spotangels,EXACT_MATCH,https://www.ycombinator.com/companies/spotangels
HauteDay,HauteDay,hauteday,EXACT_MATCH,https://www.ycombinator.com/companies/hauteday
Tenjin,Tenjin,tenjin,EXACT_MATCH,https://www.ycombinator.com/companies/tenjin
Paid,Paid,paid,EXACT_MATCH,https://www.ycombinator.com/companies/paid
Think Gaming,Think Gaming,think gaming,EXACT_MATCH,https://www.ycombinator.com/companies/think-gaming
Hive,Hive,hive,EXACT_MATCH,https://www.ycombinator.com/companies/hive
Payable,Payable,payable,EXACT_MATCH,https://www.ycombinator.com/companies/payable
Tinker,Tinker,tinker,EXACT_MATCH,https://www.ycombinator.com/companies/tinker
Tule,Tule,tule,EXACT_MATCH,https://www.ycombinator.com/companies/tule
Roomstorm,Roomstorm,roomstorm,EXACT_MATCH,https://www.ycombinator.com/companies/roomstorm
Whirl,Whirl,whirl,EXACT_MATCH,https://www.ycombinator.com/companies/whirl
Women.com,Women.com,womencom,EXACT_MATCH,https://www.ycombinator.com/companies/women-com
Zoomer,Zoomer,zoomer,EXACT_MATCH,https://www.ycombinator.com/companies/zoomer
Beep,Beep,beep,EXACT_MATCH,https://www.ycombinator.com/companies/beep
Front,Front,front,EXACT_MATCH,https://www.ycombinator.com/companies/front
Cognito,Cognito,cognito,EXACT_MATCH,https://www.ycombinator.com/companies/cognito
Ginkgo Bioworks,Ginkgo Bioworks,ginkgo bioworks,EXACT_MATCH,https://www.ycombinator.com/companies/ginkgo-bioworks
Helion Energy,Helion Energy,helion energy,EXACT_MATCH,https://www.ycombinator.com/companies/helion-energy
Oklo,Oklo,oklo,EXACT_MATCH,https://www.ycombinator.com/companies/oklo
Bayes Impact,Bayes Impact,bayes impact,EXACT_MATCH,https://www.ycombinator.com/companies/bayes-impact
Zenamins,Zenamins,zenamins,EXACT_MATCH,https://www.ycombinator.com/companies/zenamins
One Codex,One Codex,one codex,EXACT_MATCH,https://www.ycombinator.com/companies/one-codex
Ravti,Ravti,ravti,EXACT_MATCH,https://www.ycombinator.com/companies/ravti
Sliced Investing,Sliced Investing,sliced investing,EXACT_MATCH,https://www.ycombinator.com/companies/sliced-investing
Unwind Me,Unwind Me,unwind me,EXACT_MATCH,https://www.ycombinator.com/companies/unwind-me
Notable Labs,Notable Labs,notable labs,EXACT_MATCH,https://www.ycombinator.com/companies/notable-labs
Qventus,Qventus,qventus,EXACT_MATCH,https://www.ycombinator.com/companies/qventus
3dot,3dot,3dot,EXACT_MATCH,https://www.ycombinator.com/companies/3dot
Final,Final,final,EXACT_MATCH,https://www.ycombinator.com/companies/final
Pomello,Pomello,pomello,EXACT_MATCH,https://www.ycombinator.com/companies/pomello
Tech in Asia,Tech in Asia,tech in asia,EXACT_MATCH,https://www.ycombinator.com/companies/tech-in-asia
20n,20n,20n,EXACT_MATCH,https://www.ycombinator.com/companies/20n
Akido Labs,Akido Labs,akido labs,EXACT_MATCH,https://www.ycombinator.com/companies/akido-labs
Mezmo,Mezmo,mezmo,EXACT_MATCH,https://www.ycombinator.com/companies/mezmo
Smyte,Smyte,smyte,EXACT_MATCH,https://www.ycombinator.com/companies/smyte
Magic,Magic,magic,EXACT_MATCH,https://www.ycombinator.com/companies/magic
Bizzy,Bizzy,bizzy,EXACT_MATCH,https://www.ycombinator.com/companies/bizzy
Bluesmart,Bluesmart,bluesmart,EXACT_MATCH,https://www.ycombinator.com/companies/bluesmart
Booktrope,Booktrope,booktrope,EXACT_MATCH,https://www.ycombinator.com/companies/booktrope
Bright,Bright,bright,EXACT_MATCH,https://www.ycombinator.com/companies/bright
Numerion Labs,Numerion Labs,numerion labs,EXACT_MATCH,https://www.ycombinator.com/companies/numerion-labs
Cribspot,Cribspot,cribspot,EXACT_MATCH,https://www.ycombinator.com/companies/cribspot
CyberFend,CyberFend,cyberfend,EXACT_MATCH,https://www.ycombinator.com/companies/cyberfend
Democracy Earth,Democracy Earth,democracy earth,EXACT_MATCH,https://www.ycombinator.com/companies/democracy-earth
The Human Utility,The Human Utility,the human utility,EXACT_MATCH,https://www.ycombinator.com/companies/the-human-utility
Zeitview,Zeitview,zeitview,EXACT_MATCH,https://www.ycombinator.com/companies/zeitview
Bankjoy,Bankjoy,bankjoy,EXACT_MATCH,https://www.ycombinator.com/companies/bankjoy
GiveMeTap,GiveMeTap,givemetap,EXACT_MATCH,https://www.ycombinator.com/companies/givemetap
SparkGift,SparkGift,sparkgift,EXACT_MATCH,https://www.ycombinator.com/companies/sparkgift
GroupAhead,GroupAhead,groupahead,EXACT_MATCH,https://www.ycombinator.com/companies/groupahead
GrubMarket,GrubMarket,grubmarket,EXACT_MATCH,https://www.ycombinator.com/companies/grubmarket
WorkLife,WorkLife,worklife,EXACT_MATCH,https://www.ycombinator.com/companies/worklife
HigherMe,HigherMe,higherme,EXACT_MATCH,https://www.ycombinator.com/companies/higherme
Instavest,Instavest,instavest,EXACT_MATCH,https://www.ycombinator.com/companies/instavest
Kickpay,Kickpay,kickpay,EXACT_MATCH,https://www.ycombinator.com/companies/kickpay
Labdoor,Labdoor,labdoor,EXACT_MATCH,https://www.ycombinator.com/companies/labdoor
Platzi,Platzi,platzi,EXACT_MATCH,https://www.ycombinator.com/companies/platzi
Omniref,Omniref,omniref,EXACT_MATCH,https://www.ycombinator.com/companies/omniref
Open Listings,Open Listings,open listings,EXACT_MATCH,https://www.ycombinator.com/companies/open-listings
Pachyderm,Pachyderm,pachyderm,EXACT_MATCH,https://www.ycombinator.com/companies/pachyderm
Pakible,Pakible,pakible,EXACT_MATCH,https://www.ycombinator.com/companies/pakible
Paperspace,Paperspace,paperspace,EXACT_MATCH,https://www.ycombinator.com/companies/paperspace
BuildScience,BuildScience,buildscience,EXACT_MATCH,https://www.ycombinator.com/companies/buildscience
ReadMe,ReadMe,readme,EXACT_MATCH,https://www.ycombinator.com/companies/readme
ReSchedule Med,ReSchedule Med,reschedule med,EXACT_MATCH,https://www.ycombinator.com/companies/reschedule-med
Shift Messenger,Shift Messenger,shift messenger,EXACT_MATCH,https://www.ycombinator.com/companies/shift-messenger
Shift Labs,Shift Labs,shift labs,EXACT_MATCH,https://www.ycombinator.com/companies/shift-labs
Sails Co.,Sails Co.,sails,EXACT_MATCH,https://www.ycombinator.com/companies/sails-co
SIRUM,SIRUM,sirum,EXACT_MATCH,https://www.ycombinator.com/companies/sirum
Smarking,Smarking,smarking,EXACT_MATCH,https://www.ycombinator.com/companies/smarking
Tempo,Tempo,tempo,EXACT_MATCH,https://www.ycombinator.com/companies/tempo
TeamNote,TeamNote,teamnote,EXACT_MATCH,https://www.ycombinator.com/companies/teamnote
Makrwatch,Makrwatch,makrwatch,EXACT_MATCH,https://www.ycombinator.com/companies/makrwatch
Mobydish,Mobydish,mobydish,EXACT_MATCH,https://www.ycombinator.com/companies/mobydish
Remix,Remix,remix,EXACT_MATCH,https://www.ycombinator.com/companies/remix
Rare Door,Rare Door,rare door,EXACT_MATCH,https://www.ycombinator.com/companies/rare-door
Underground Cellar,Underground Cellar,underground cellar,EXACT_MATCH,https://www.ycombinator.com/companies/underground-cellar
Vest,Vest,vest,EXACT_MATCH,https://www.ycombinator.com/companies/vest
Resolve,Resolve,resolve,EXACT_MATCH,https://www.ycombinator.com/companies/resolve
YesGraph,YesGraph,yesgraph,EXACT_MATCH,https://www.ycombinator.com/companies/yesgraph
Yhat,Yhat,yhat,EXACT_MATCH,https://www.ycombinator.com/companies/yhat
Bonfire,Bonfire,bonfire,EXACT_MATCH,https://www.ycombinator.com/companies/bonfire
WayUp,WayUp,wayup,EXACT_MATCH,https://www.ycombinator.com/companies/wayup
Cleanly,Cleanly,cleanly,EXACT_MATCH,https://www.ycombinator.com/companies/cleanly
Dealyze,Dealyze,dealyze,EXACT_MATCH,https://www.ycombinator.com/companies/dealyze
Lucira Health,Lucira Health,lucira health,EXACT_MATCH,https://www.ycombinator.com/companies/lucira-health
Quantierra,Quantierra,quantierra,EXACT_MATCH,https://www.ycombinator.com/companies/quantierra
eBrandvalue,eBrandvalue,ebrandvalue,EXACT_MATCH,https://www.ycombinator.com/companies/ebrandvalue
EquipmentShare,EquipmentShare,equipmentshare,EXACT_MATCH,https://www.ycombinator.com/companies/equipmentshare
GitLab,GitLab,gitlab,EXACT_MATCH,https://www.ycombinator.com/companies/gitlab
Giveffect,Giveffect,giveffect,EXACT_MATCH,https://www.ycombinator.com/companies/giveffect
Glassjar,Glassjar,glassjar,EXACT_MATCH,https://www.ycombinator.com/companies/glassjar
Industrial Microbes,Industrial Microbes,industrial microbes,EXACT_MATCH,https://www.ycombinator.com/companies/industrial-microbes
NexTravel,NexTravel,nextravel,EXACT_MATCH,https://www.ycombinator.com/companies/nextravel
Level Frames,Level Frames,level frames,EXACT_MATCH,https://www.ycombinator.com/companies/level-frames
Meadow,Meadow,meadow,EXACT_MATCH,https://www.ycombinator.com/companies/meadow
Moltin,Moltin,moltin,EXACT_MATCH,https://www.ycombinator.com/companies/moltin
Nextop,Nextop,nextop,EXACT_MATCH,https://www.ycombinator.com/companies/nextop
Outbound,Outbound,outbound,EXACT_MATCH,https://www.ycombinator.com/companies/outbound
Dabble,Dabble,dabble,EXACT_MATCH,https://www.ycombinator.com/companies/dabble
Pigeonly,Pigeonly,pigeonly,EXACT_MATCH,https://www.ycombinator.com/companies/pigeonly
Popular Pays,Popular Pays,popular pays,EXACT_MATCH,https://www.ycombinator.com/companies/popular-pays
Pretty Instant,Pretty Instant,pretty instant,EXACT_MATCH,https://www.ycombinator.com/companies/pretty-instant
Priime,Priime,priime,EXACT_MATCH,https://www.ycombinator.com/companies/priime
Razorpay,Razorpay,razorpay,EXACT_MATCH,https://www.ycombinator.com/companies/razorpay
Rescue Forensics,Rescue Forensics,rescue forensics,EXACT_MATCH,https://www.ycombinator.com/companies/rescue-forensics
Seed,Seed,seed,EXACT_MATCH,https://www.ycombinator.com/companies/seed
SigOpt,SigOpt,sigopt,EXACT_MATCH,https://www.ycombinator.com/companies/sigopt
Spoil,Spoil,spoil,EXACT_MATCH,https://www.ycombinator.com/companies/spoil
Standard Cyborg,Standard Cyborg,standard cyborg,EXACT_MATCH,https://www.ycombinator.com/companies/standard-cyborg
Tab,Tab,tab,EXACT_MATCH,https://www.ycombinator.com/companies/tab
Zenflow,Zenflow,zenflow,EXACT_MATCH,https://www.ycombinator.com/companies/zenflow
Transcriptic,Transcriptic,transcriptic,EXACT_MATCH,https://www.ycombinator.com/companies/transcriptic
Valor Water Analytics,Valor Water Analytics,valor water analytics,EXACT_MATCH,https://www.ycombinator.com/companies/valor-water-analytics
Vanhawks,Vanhawks,vanhawks,EXACT_MATCH,https://www.ycombinator.com/companies/vanhawks
VetPronto,VetPronto,vetpronto,EXACT_MATCH,https://www.ycombinator.com/companies/vetpronto
Wink Health,Wink Health,wink health,EXACT_MATCH,https://www.ycombinator.com/companies/wink-health
X-Zell,X-Zell,xzell,EXACT_MATCH,https://www.ycombinator.com/companies/x-zell
Raven Tech,Raven Tech,raven tech,EXACT_MATCH,https://www.ycombinator.com/companies/raven-tech
Bagaveev Corporation,Bagaveev Corporation,bagaveev,EXACT_MATCH,https://www.ycombinator.com/companies/bagaveev-corporation
Lully,Lully,lully,EXACT_MATCH,https://www.ycombinator.com/companies/lully
Chariot,Chariot,chariot,EXACT_MATCH,https://www.ycombinator.com/companies/chariot
Flip,Flip,flip,EXACT_MATCH,https://www.ycombinator.com/companies/flip
Tara AI,Tara AI,tara ai,EXACT_MATCH,https://www.ycombinator.com/companies/tara-ai
Replika,Replika,replika,EXACT_MATCH,https://www.ycombinator.com/companies/replika
Automate Ads,Automate Ads,automate ads,EXACT_MATCH,https://www.ycombinator.com/companies/automate-ads
NimbleRx,NimbleRx,nimblerx,EXACT_MATCH,https://www.ycombinator.com/companies/nimblerx
Nomiku,Nomiku,nomiku,EXACT_MATCH,https://www.ycombinator.com/companies/nomiku
Spire Health,Spire Health,spire health,EXACT_MATCH,https://www.ycombinator.com/companies/spire-health
ThinAir,ThinAir,thinair,EXACT_MATCH,https://www.ycombinator.com/companies/thinair
Lumi,Lumi,lumi,EXACT_MATCH,https://www.ycombinator.com/companies/lumi
Mashgin,Mashgin,mashgin,EXACT_MATCH,https://www.ycombinator.com/companies/mashgin
Shasqi,Shasqi,shasqi,EXACT_MATCH,https://www.ycombinator.com/companies/shasqi
Triplebyte,Triplebyte,triplebyte,EXACT_MATCH,https://www.ycombinator.com/companies/triplebyte
Lugg,Lugg,lugg,EXACT_MATCH,https://www.ycombinator.com/companies/lugg
Teleport,Teleport,teleport,EXACT_MATCH,https://www.ycombinator.com/companies/teleport
Serica,Serica,serica,EXACT_MATCH,https://www.ycombinator.com/companies/serica
teaBOT,teaBOT,teabot,EXACT_MATCH,https://www.ycombinator.com/companies/teabot
Leaders In Tech,Leaders In Tech,leaders in tech,EXACT_MATCH,https://www.ycombinator.com/companies/leaders-in-tech
Ironclad,Ironclad,ironclad,EXACT_MATCH,https://www.ycombinator.com/companies/ironclad
Jopwell,Jopwell,jopwell,EXACT_MATCH,https://www.ycombinator.com/companies/jopwell
L.,L.,l,EXACT_MATCH,https://www.ycombinator.com/companies/l
New Story,New Story,new story,EXACT_MATCH,https://www.ycombinator.com/companies/new-story
OpenInvest,OpenInvest,openinvest,EXACT_MATCH,https://www.ycombinator.com/companies/openinvest
Gemnote,Gemnote,gemnote,EXACT_MATCH,https://www.ycombinator.com/companies/gemnote
Assembly,Assembly,assembly,EXACT_MATCH,https://www.ycombinator.com/companies/assembly
PartnerStack,PartnerStack,partnerstack,EXACT_MATCH,https://www.ycombinator.com/companies/partnerstack
Roomblocker,Roomblocker,roomblocker,EXACT_MATCH,https://www.ycombinator.com/companies/roomblocker
ROSS Intelligence,ROSS Intelligence,ross intelligence,EXACT_MATCH,https://www.ycombinator.com/companies/ross-intelligence
Scope AR,Scope AR,scope ar,EXACT_MATCH,https://www.ycombinator.com/companies/scope-ar
Second Measure,Second Measure,second measure,EXACT_MATCH,https://www.ycombinator.com/companies/second-measure
SnapMagic,SnapMagic,snapmagic,EXACT_MATCH,https://www.ycombinator.com/companies/snapmagic
SourceDNA,SourceDNA,sourcedna,EXACT_MATCH,https://www.ycombinator.com/companies/sourcedna
Vernox,Vernox,vernox,EXACT_MATCH,https://www.ycombinator.com/companies/vernox
Hickory,Hickory,hickory,EXACT_MATCH,https://www.ycombinator.com/companies/hickory
Heroic Labs,Heroic Labs,heroic labs,EXACT_MATCH,https://www.ycombinator.com/companies/heroic-labs
Airmada,Airmada,airmada,EXACT_MATCH,https://www.ycombinator.com/companies/airmada
Call9,Call9,call9,EXACT_MATCH,https://www.ycombinator.com/companies/call9
CareLedger,CareLedger,careledger,EXACT_MATCH,https://www.ycombinator.com/companies/careledger
Branch8,Branch8,branch8,EXACT_MATCH,https://www.ycombinator.com/companies/branch8
Confident LIMS,Confident LIMS,confident lims,EXACT_MATCH,https://www.ycombinator.com/companies/confident-lims
Convox,Convox,convox,EXACT_MATCH,https://www.ycombinator.com/companies/convox
Cymmetria,Cymmetria,cymmetria,EXACT_MATCH,https://www.ycombinator.com/companies/cymmetria
Shotput,Shotput,shotput,EXACT_MATCH,https://www.ycombinator.com/companies/shotput
Eden,Eden,eden,EXACT_MATCH,https://www.ycombinator.com/companies/eden
Foxpass,Foxpass,foxpass,EXACT_MATCH,https://www.ycombinator.com/companies/foxpass
SunFarmer,SunFarmer,sunfarmer,EXACT_MATCH,https://www.ycombinator.com/companies/sunfarmer
Stitch Health,Stitch Health,stitch health,EXACT_MATCH,https://www.ycombinator.com/companies/stitch-health
Reach,Reach,reach,EXACT_MATCH,https://www.ycombinator.com/companies/reach
Tesorio,Tesorio,tesorio,EXACT_MATCH,https://www.ycombinator.com/companies/tesorio
Thrive Agritech,Thrive Agritech,thrive agritech,EXACT_MATCH,https://www.ycombinator.com/companies/thrive-agritech
Verge Genomics,Verge Genomics,verge genomics,EXACT_MATCH,https://www.ycombinator.com/companies/verge-genomics
Afrostream,Afrostream,afrostream,EXACT_MATCH,https://www.ycombinator.com/companies/afrostream
Apollo Health,Apollo Health,apollo health,EXACT_MATCH,https://www.ycombinator.com/companies/apollo-health
Willing,Willing,willing,EXACT_MATCH,https://www.ycombinator.com/companies/willing
Bistrobot,Bistrobot,bistrobot,EXACT_MATCH,https://www.ycombinator.com/companies/bistrobot
Bluecrew,Bluecrew,bluecrew,EXACT_MATCH,https://www.ycombinator.com/companies/bluecrew
Bodyport,Bodyport,bodyport,EXACT_MATCH,https://www.ycombinator.com/companies/bodyport
Appcanary,Appcanary,appcanary,EXACT_MATCH,https://www.ycombinator.com/companies/appcanary
Chaldal,Chaldal,chaldal,EXACT_MATCH,https://www.ycombinator.com/companies/chaldal
Cloudstitch,Cloudstitch,cloudstitch,EXACT_MATCH,https://www.ycombinator.com/companies/cloudstitch
Sphere Secure Workspace,Sphere Secure Workspace,sphere secure workspace,EXACT_MATCH,https://www.ycombinator.com/companies/sphere-secure-workspace
Drip Capital,Drip Capital,drip capital,EXACT_MATCH,https://www.ycombinator.com/companies/drip-capital
GiveCampus,GiveCampus,givecampus,EXACT_MATCH,https://www.ycombinator.com/companies/givecampus
Circle Medical,Circle Medical,circle medical,EXACT_MATCH,https://www.ycombinator.com/companies/circle-medical
zPREDICTA,zPREDICTA,zpredicta,EXACT_MATCH,https://www.ycombinator.com/companies/zpredicta
jEugene,jEugene,jeugene,EXACT_MATCH,https://www.ycombinator.com/companies/jeugene
Leada,Leada,leada,EXACT_MATCH,https://www.ycombinator.com/companies/leada
Locent,Locent,locent,EXACT_MATCH,https://www.ycombinator.com/companies/locent
Markhor,Markhor,markhor,EXACT_MATCH,https://www.ycombinator.com/companies/markhor
Zeplin,Zeplin,zeplin,EXACT_MATCH,https://www.ycombinator.com/companies/zeplin
Microhealth,Microhealth,microhealth,EXACT_MATCH,https://www.ycombinator.com/companies/microhealth
Ohm,Ohm,ohm,EXACT_MATCH,https://www.ycombinator.com/companies/ohm
Fountain,Fountain,fountain,EXACT_MATCH,https://www.ycombinator.com/companies/fountain
Oolu,Oolu,oolu,EXACT_MATCH,https://www.ycombinator.com/companies/oolu
Paribus,Paribus,paribus,EXACT_MATCH,https://www.ycombinator.com/companies/paribus
PickTrace,PickTrace,picktrace,EXACT_MATCH,https://www.ycombinator.com/companies/picktrace
Prayas Analytics,Prayas Analytics,prayas analytics,EXACT_MATCH,https://www.ycombinator.com/companies/prayas-analytics
Interviewed,Interviewed,interviewed,EXACT_MATCH,https://www.ycombinator.com/companies/interviewed
Plate IQ,Plate IQ,plate iq,EXACT_MATCH,https://www.ycombinator.com/companies/plate-iq
RedCarpetUp,RedCarpetUp,redcarpetup,EXACT_MATCH,https://www.ycombinator.com/companies/redcarpetup
Reduced Energy Microsystems,Reduced Energy Microsystems,reduced energy microsystems,EXACT_MATCH,https://www.ycombinator.com/companies/reduced-energy-microsystems
Scentbird,Scentbird,scentbird,EXACT_MATCH,https://www.ycombinator.com/companies/scentbird
Seva Coffee,Seva Coffee,seva coffee,EXACT_MATCH,https://www.ycombinator.com/companies/seva-coffee
Shape (ShapeScale),Shape (ShapeScale),shape shapescale,EXACT_MATCH,https://www.ycombinator.com/companies/shape-shapescale
Shred Video,Shred Video,shred video,EXACT_MATCH,https://www.ycombinator.com/companies/shred-video
Xendit,Xendit,xendit,EXACT_MATCH,https://www.ycombinator.com/companies/xendit
Xfers,Xfers,xfers,EXACT_MATCH,https://www.ycombinator.com/companies/xfers
Traversal Networks,Traversal Networks,traversal networks,EXACT_MATCH,https://www.ycombinator.com/companies/traversal-networks
"80,000 Hours","80,000 Hours",80000 hours,EXACT_MATCH,https://www.ycombinator.com/companies/80-000-hours
Font Awesome,Font Awesome,font awesome,EXACT_MATCH,https://www.ycombinator.com/companies/font-awesome
Go1,Go1,go1,EXACT_MATCH,https://www.ycombinator.com/companies/go1
Saida,Saida,saida,EXACT_MATCH,https://www.ycombinator.com/companies/saida
HER,HER,her,EXACT_MATCH,https://www.ycombinator.com/companies/her
Maderight,Maderight,maderight,EXACT_MATCH,https://www.ycombinator.com/companies/maderight
Blitz Esports,Blitz Esports,blitz esports,EXACT_MATCH,https://www.ycombinator.com/companies/blitz-esports
The Ticket Fairy,The Ticket Fairy,the ticket fairy,EXACT_MATCH,https://www.ycombinator.com/companies/the-ticket-fairy
Fetch,Fetch,fetch,EXACT_MATCH,https://www.ycombinator.com/companies/fetch
Wheelys Café,Wheelys Café,wheelys caf,EXACT_MATCH,https://www.ycombinator.com/companies/wheelys-cafe
TetraScience,TetraScience,tetrascience,EXACT_MATCH,https://www.ycombinator.com/companies/tetrascience
Mimir,Mimir,mimir,EXACT_MATCH,https://www.ycombinator.com/companies/mimir
Auro Robotics,Auro Robotics,auro robotics,EXACT_MATCH,https://www.ycombinator.com/companies/auro-robotics
Klarismo,Klarismo,klarismo,EXACT_MATCH,https://www.ycombinator.com/companies/klarismo
Nebia,Nebia,nebia,EXACT_MATCH,https://www.ycombinator.com/companies/nebia
StyleBee,StyleBee,stylebee,EXACT_MATCH,https://www.ycombinator.com/companies/stylebee
PlateJoy,PlateJoy,platejoy,EXACT_MATCH,https://www.ycombinator.com/companies/platejoy
Bitmovin,Bitmovin,bitmovin,EXACT_MATCH,https://www.ycombinator.com/companies/bitmovin
Cofactor Genomics,Cofactor Genomics,cofactor genomics,EXACT_MATCH,https://www.ycombinator.com/companies/cofactor-genomics
Instawork,Instawork,instawork,EXACT_MATCH,https://www.ycombinator.com/companies/instawork
Eight Sleep,Eight Sleep,eight sleep,EXACT_MATCH,https://www.ycombinator.com/companies/eight-sleep
Vive,Vive,vive,EXACT_MATCH,https://www.ycombinator.com/companies/vive
Flirtey (SkyDrop),Flirtey (SkyDrop),flirtey skydrop,EXACT_MATCH,https://www.ycombinator.com/companies/flirtey
Human Interest,Human Interest,human interest,EXACT_MATCH,https://www.ycombinator.com/companies/human-interest
Halolife,Halolife,halolife,EXACT_MATCH,https://www.ycombinator.com/companies/halolife
Tenant Turner,Tenant Turner,tenant turner,EXACT_MATCH,https://www.ycombinator.com/companies/tenant-turner
VOIQ,VOIQ,voiq,EXACT_MATCH,https://www.ycombinator.com/companies/voiq
Gigster,Gigster,gigster,EXACT_MATCH,https://www.ycombinator.com/companies/gigster
Mux,Mux,mux,EXACT_MATCH,https://www.ycombinator.com/companies/mux
Lattice,Lattice,lattice,EXACT_MATCH,https://www.ycombinator.com/companies/lattice
SOUNDBOKS,SOUNDBOKS,soundboks,EXACT_MATCH,https://www.ycombinator.com/companies/soundboks
Compgun,Compgun,compgun,EXACT_MATCH,https://www.ycombinator.com/companies/compgun
Deepgram,Deepgram,deepgram,EXACT_MATCH,https://www.ycombinator.com/companies/deepgram
Stealth Worker,Stealth Worker,stealth worker,EXACT_MATCH,https://www.ycombinator.com/companies/stealth-worker
Stilt,Stilt,stilt,EXACT_MATCH,https://www.ycombinator.com/companies/stilt
Magic Instruments,Magic Instruments,magic instruments,EXACT_MATCH,https://www.ycombinator.com/companies/magic-instruments
Embark Trucks,Embark Trucks,embark trucks,EXACT_MATCH,https://www.ycombinator.com/companies/embark-trucks
VINEBOX (Usual Beverage Co.),VINEBOX (Usual Beverage Co.),vinebox usual beverage,EXACT_MATCH,https://www.ycombinator.com/companies/vinebox
Yardbook,Yardbook,yardbook,EXACT_MATCH,https://www.ycombinator.com/companies/yardbook
Chatfuel,Chatfuel,chatfuel,EXACT_MATCH,https://www.ycombinator.com/companies/chatfuel
AlphaFlow,AlphaFlow,alphaflow,EXACT_MATCH,https://www.ycombinator.com/companies/alphaflow
GetAccept,GetAccept,getaccept,EXACT_MATCH,https://www.ycombinator.com/companies/getaccept
iSono Health,iSono Health,isono health,EXACT_MATCH,https://www.ycombinator.com/companies/isono-health
Tovala,Tovala,tovala,EXACT_MATCH,https://www.ycombinator.com/companies/tovala
MagicBus,MagicBus,magicbus,EXACT_MATCH,https://www.ycombinator.com/companies/magicbus
Mason,Mason,mason,EXACT_MATCH,https://www.ycombinator.com/companies/mason
Outschool,Outschool,outschool,EXACT_MATCH,https://www.ycombinator.com/companies/outschool
Petcube,Petcube,petcube,EXACT_MATCH,https://www.ycombinator.com/companies/petcube
Daily,Daily,daily,EXACT_MATCH,https://www.ycombinator.com/companies/daily
Mio,Mio,mio,EXACT_MATCH,https://www.ycombinator.com/companies/mio
Algoriz,Algoriz,algoriz,EXACT_MATCH,https://www.ycombinator.com/companies/algoriz
Focal Systems,Focal Systems,focal systems,EXACT_MATCH,https://www.ycombinator.com/companies/focal-systems
Loop Genomics,Loop Genomics,loop genomics,EXACT_MATCH,https://www.ycombinator.com/companies/loop-genomics
Toymail,Toymail,toymail,EXACT_MATCH,https://www.ycombinator.com/companies/toymail
UpLabs,UpLabs,uplabs,EXACT_MATCH,https://www.ycombinator.com/companies/uplabs
WorldCover,WorldCover,worldcover,EXACT_MATCH,https://www.ycombinator.com/companies/worldcover
Able Health,Able Health,able health,EXACT_MATCH,https://www.ycombinator.com/companies/able-health
Truebill,Truebill,truebill,EXACT_MATCH,https://www.ycombinator.com/companies/truebill
Chillabit,Chillabit,chillabit,EXACT_MATCH,https://www.ycombinator.com/companies/chillabit
Deako,Deako,deako,EXACT_MATCH,https://www.ycombinator.com/companies/deako
DoseDr,DoseDr,dosedr,EXACT_MATCH,https://www.ycombinator.com/companies/dosedr
Copia,Copia,copia,EXACT_MATCH,https://www.ycombinator.com/companies/copia
Gigwell,Gigwell,gigwell,EXACT_MATCH,https://www.ycombinator.com/companies/gigwell
InnoVein,InnoVein,innovein,EXACT_MATCH,https://www.ycombinator.com/companies/innovein
Inevitable Tech,Inevitable Tech,inevitable tech,EXACT_MATCH,https://www.ycombinator.com/companies/inevitable-tech
LendEDU,LendEDU,lendedu,EXACT_MATCH,https://www.ycombinator.com/companies/lendedu
Luminist Labs,Luminist Labs,luminist labs,EXACT_MATCH,https://www.ycombinator.com/companies/luminist-labs
Meter Feeder,Meter Feeder,meter feeder,EXACT_MATCH,https://www.ycombinator.com/companies/meter-feeder
MineralSoft,MineralSoft,mineralsoft,EXACT_MATCH,https://www.ycombinator.com/companies/mineralsoft
PocketSuite,PocketSuite,pocketsuite,EXACT_MATCH,https://www.ycombinator.com/companies/pocketsuite
Pulpix,Pulpix,pulpix,EXACT_MATCH,https://www.ycombinator.com/companies/pulpix
Revl,Revl,revl,EXACT_MATCH,https://www.ycombinator.com/companies/revl
Paystack,Paystack,paystack,EXACT_MATCH,https://www.ycombinator.com/companies/paystack
Bus.com,Bus.com,buscom,EXACT_MATCH,https://www.ycombinator.com/companies/bus-com
Unima,Unima,unima,EXACT_MATCH,https://www.ycombinator.com/companies/unima
Enflux,Enflux,enflux,EXACT_MATCH,https://www.ycombinator.com/companies/enflux
Goodybag,Goodybag,goodybag,EXACT_MATCH,https://www.ycombinator.com/companies/goodybag
Open Motors,Open Motors,open motors,EXACT_MATCH,https://www.ycombinator.com/companies/open-motors
Start Closing,Start Closing,start closing,EXACT_MATCH,https://www.ycombinator.com/companies/start-closing
MailTime,MailTime,mailtime,EXACT_MATCH,https://www.ycombinator.com/companies/mailtime
Monthli,Monthli,monthli,EXACT_MATCH,https://www.ycombinator.com/companies/monthli
Opentrons,Opentrons,opentrons,EXACT_MATCH,https://www.ycombinator.com/companies/opentrons
Castle,Castle,castle,EXACT_MATCH,https://www.ycombinator.com/companies/castle
Castle,Castle,castle,EXACT_MATCH,https://www.ycombinator.com/companies/castle-2
Netomi,Netomi,netomi,EXACT_MATCH,https://www.ycombinator.com/companies/netomi
Superside,Superside,superside,EXACT_MATCH,https://www.ycombinator.com/companies/superside
ConstructVR,ConstructVR,constructvr,EXACT_MATCH,https://www.ycombinator.com/companies/constructvr
Function of Beauty,Function of Beauty,function of beauty,EXACT_MATCH,https://www.ycombinator.com/companies/function-of-beauty
Luciq (formerly Instabug),Luciq (formerly Instabug),luciq formerly instabug,EXACT_MATCH,https://www.ycombinator.com/companies/luciq
Interstate Analytics,Interstate Analytics,interstate analytics,EXACT_MATCH,https://www.ycombinator.com/companies/interstate-analytics
Patchwork Security,Patchwork Security,patchwork security,EXACT_MATCH,https://www.ycombinator.com/companies/patchwork-security
Pave,Pave,pave,EXACT_MATCH,https://www.ycombinator.com/companies/pave
Podium,Podium,podium,EXACT_MATCH,https://www.ycombinator.com/companies/podium
Salt Security,Salt Security,salt security,EXACT_MATCH,https://www.ycombinator.com/companies/salt-security
Apollo.io,Apollo.io,apolloio,EXACT_MATCH,https://www.ycombinator.com/companies/apollo-io
Poppy,Poppy,poppy,EXACT_MATCH,https://www.ycombinator.com/companies/poppy
Anchor Health,Anchor Health,anchor health,EXACT_MATCH,https://www.ycombinator.com/companies/anchor-health
Thunkable,Thunkable,thunkable,EXACT_MATCH,https://www.ycombinator.com/companies/thunkable
Plato,Plato,plato,EXACT_MATCH,https://www.ycombinator.com/companies/plato
Lynks,Lynks,lynks,EXACT_MATCH,https://www.ycombinator.com/companies/lynks
Emburse,Emburse,emburse,EXACT_MATCH,https://www.ycombinator.com/companies/emburse
Gecko Robotics,Gecko Robotics,gecko robotics,EXACT_MATCH,https://www.ycombinator.com/companies/gecko-robotics
GoLorry,GoLorry,golorry,EXACT_MATCH,https://www.ycombinator.com/companies/golorry
HistoWiz,HistoWiz,histowiz,EXACT_MATCH,https://www.ycombinator.com/companies/histowiz
Landed,Landed,landed,EXACT_MATCH,https://www.ycombinator.com/companies/landed
mRelief,mRelief,mrelief,EXACT_MATCH,https://www.ycombinator.com/companies/mrelief
NetBeez,NetBeez,netbeez,EXACT_MATCH,https://www.ycombinator.com/companies/netbeez
Redspread,Redspread,redspread,EXACT_MATCH,https://www.ycombinator.com/companies/redspread
Caper,Caper,caper,EXACT_MATCH,https://www.ycombinator.com/companies/caper
TRAC,TRAC,trac,EXACT_MATCH,https://www.ycombinator.com/companies/trac
